Date,Time,Course,Horse,Race Type,A/W Course Type,H/Cap,No. of Rnrs,Value,8:30PM Price,7:30AM Price,Class,Class Move,Sex,Age,Weight,Irish?,Draw IV,Comb. Total,Comb. Rank,Race Rank,Comp. Rank,PRB Rank,Speed Rank,MSAI Rank,No. of Top,Comp. Total,>100,<50,Clear By,Fin Pos,BSP,Win P/L <2%,Place P/L <2%,Month,Classification,Trainer,Jockey,Trainer PRB,Jockey PRB,Jockey Claim,LTO Fin Pos,Race Rating,Ability,Going,Distance,Course/Sim,TrainrF,JockyF,Draw,Speed,Total
260505,1400,Ayr,Railwayman,Turf, ,N,9,6,1.53,1.44,4,S,c,3,132, ,0.98,7,1,2,3,1,5,2,2,524,1,2,66.34,0,0,0,0,May,Mdn,K R Burke,Clifford Lee,45.86,38.11,0,3,0,90,33.33,90,33.33,80,100,98,33.33,557.99
260505,1400,Ayr,Stoneacre Joe,Turf, ,N,9,6.66,4,3.75,4,S,g,3,132, ,1.19,8,2,2,1,2,1,4,2,559,2,0,29,0,0,0,0,May,Mdn,Tim Easterby,David Allan,37.06,40.38,0,2,-10,100,60,60,60,80,80,119,67.16,626.16
260505,1400,Ayr,Mind Over Matter,Turf, ,N,9,6.33,4.5,5.5,4,U,g,3,132, ,0.9,9,3,2,2,3,2,8,0,530,2,0,5.34,0,0,0,0,May,Mdn,John Quinn,Jason Hart,44.86,46.16,0,7,-10,90,50,50,50,100,100,90,59.7,589.7
260505,1400,Ayr,Thistle Nil,Turf, ,N,9,11.33,51,41,4,S,g,4,142, ,1.45,22,6,4,6,99,99,5,0,438,2,4,29,0,0,0,0,May,Mdn,Jim Goldie,Rhys Elliott,31.74,26.03,5,0,-20,33.33,33.33,33.33,33.33,100,80,125,33.33,471.65
260505,1400,Ayr,April Diamond,Turf, ,N,9,25,41,51,4,S,m,5,137, ,1.16,24,9,4,7,99,99,7,0,409,1,4,63.67,0,0,0,0,May,Mdn,Iain Jardine,Andrew Mullen,33.63,29.1,0,7,-20,33.33,33.33,33.33,33.33,80,80,116,33.33,442.65
260505,1400,Ayr,Le Puy,Turf, ,N,9,11.33,41,67,4,U,f,3,127, ,0.99,23,7,4,8,4,4,6,0,345,0,5,3.33,0,0,0,0,May,Mdn,Lucinda Russell,Daniel Tudhope,29.2,45.26,0,4,-20,33.33,33.33,33.33,33.33,33.33,80,99,33.33,378.98
260505,1400,Ayr,Mac's Wee Sister,Turf, ,N,9,10.33,51,81,4,U,f,4,137, ,1.45,21,4,8,4,99,99,1,1,458,3,4,20,0,0,0,0,May,Mdn,Jim Goldie,Paul Mulrennan,31.74,35.01,0,7,-30,33.33,33.33,33.33,33.33,100,100,125,33.33,491.65
260505,1400,Ayr,Saxon Gem,Turf, ,N,9,10.33,67,101,4,S,f,3,127, ,1.41,23,7,8,4,5,3,3,0,458,3,4,0,0,0,0,0,May,Mdn,Jim Goldie,Lauren Young,31.74,45.71,5,6,-30,33.33,33.33,33.33,33.33,100,100,125,33.33,491.65
260505,1400,Ayr,Wee Dresser,Turf, ,N,9,10.66,81,151,4,U,f,3,127, ,1.09,21,4,4,9,99,99,9,0,342,1,4,0,0,0,0,0,May,Mdn,Katie Scott,Greg Fairley,35.15,31.82,0,8,-20,33.33,33.33,33.33,33.33,50,50,109,33.33,375.65
260505,1430,Ayr,Harb,Turf, ,Y,11,7.33,7,4,6,S,g,7,135, ,0.47,6,1,1,1,1,1,6,5,597,4,1,18.67,0,0,0,0,May,Hcap,Tristan Davidson,David Nolan,47.65,26.87,0,8,130,100,90,100,100,60,100,47,109.83,706.83
260505,1430,Ayr,Little Mi Mi,Turf, ,Y,11,10.33,3.75,4.5,6,S,m,5,133, ,1.46,26,6,8,6,8,9,3,0,518,2,1,26.33,0,0,0,0,May,Hcap,Iain Jardine,Andrew Mullen,33.63,29.1,0,2,10,50,50,100,33.33,80,80,125,33.33,551.66
260505,1430,Ayr,Canaria Queen,Turf, ,Y,11,8.66,4.5,5,6,S,m,6,128, ,0.76,11,2,4,3,3,4,5,0,576,2,0,7.67,0,0,0,0,May,Hcap,Tim Easterby,Duran Fentiman,37.06,43.14,0,1,45,70,70,100,100,80,80,76,88.52,664.52
260505,1430,Ayr,Fear And Fast,Turf, ,Y,11,10.33,11,8,6,S,g,4,125, ,0.82,21,4,2,7,5,7,4,0,492,2,0,1.01,0,0,0,0,May,Hcap,Jim Goldie,Clifford Lee,31.74,38.11,0,7,70,60,50,50,50,100,100,82,90.16,582.16
260505,1430,Ayr,Tommy McJohn,Turf, ,Y,11,10,6.5,9,6,S,g,4,135, ,1.36,14,3,8,2,2,10,0,0,578,4,1,2.33,0,0,0,0,May,Hcap,Adrian Paul Keatley,Barry McHugh,34.33,33.05,0,3,10,100,70,100,33.33,50,100,125,33.33,611.66
260505,1430,Ayr,Wee Mary,Turf, ,Y,11,12.33,12,9.5,6,S,f,4,119, ,0.5,24,5,7,5,4,3,10,0,523,3,1,5,0,0,0,0,May,Hcap,Jim Goldie,Miss Amie Waugh,31.74,20.23,3,3,15,70,70,100,100,100,33.33,50,98.36,621.69
260505,1430,Ayr,Keep The Gold,Turf, ,Y,11,10,7.5,11,6,D,g,4,131, ,1.05,30,9,5,11,9,6,2,0,438,3,4,0,0,0,0,0,May,Hcap,Michael Dods,Connor Beasley,41.67,39.61,0,2,40,33.33,33.33,33.33,33.33,100,100,105,96.72,535.04
260505,1430,Ayr,Royal Duke,Turf, ,Y,11,13.66,23,19,6,S,g,5,128, ,1.4,26,6,6,4,6,4,8,0,568,3,1,45,0,0,0,0,May,Hcap,Robert Smith,Rhys Elliott,21.26,26.03,5,10,20,60,70,100,100,33.33,80,125,98.36,666.69
260505,1430,Ayr,Ski Angel,Turf, ,Y,11,12,17,21,6,S,m,6,120, ,1.69,28,8,2,10,7,2,9,0,454,2,3,16.67,0,0,0,0,May,Hcap,Robert Smith,Cam Hardie,21.26,22.43,0,9,70,50,33.33,100,33.33,33.33,80,125,108.19,563.18
260505,1430,Ayr,Bonito Cavalo,Turf, ,Y,11,12.66,17,21,6,D,g,7,116, ,1.4,36,10,10,9,11,8,1,1,458,3,4,3.33,0,0,0,0,May,Hcap,Jim Goldie,Lauren Young,31.74,45.71,5,9,-10,33.33,33.33,33.33,33.33,100,100,125,33.33,491.65
260505,1448,Ffos Las,Collanisi,Hurdle, ,Y,13,14.33,6.5,3.75,5,D,g,6,160, ,0,23,4,11,3,4,7,0,0,366,0,3,26.67,0,0,0,0,May,Hcap-Hdle,Ben Pauling,Mr Ben Jones,17.08,22.5,0,4,-30,33.33,90,50,80,80,33.33,0,81.35,448.01
260505,1448,Ffos Las,Berkshire Smudge,Hurdle, ,Y,13,15.66,4,4.5,5,D,g,4,161, ,0,35,10,8,8,10,10,0,0,313,1,5,0,0,0,0,0,May,Hcap-Hdle,Rebecca Curtis,Sean Bowen,24.26,45.35,0,5,-20,33.33,33.33,33.33,100,33.33,80,0,33.33,346.65
260505,1448,Ffos Las,Walk In The West,Hurdle, ,Y,13,11,6,7,5,S,g,5,157, ,0,19,3,6,3,8,6,0,0,366,1,3,0,0,0,0,0,May,Hcap-Hdle,Anthony Honeyball,Sam Twiston-Davies,27.33,43.91,0,6,0,70,50,33.33,33.33,80,100,0,77.96,444.62
260505,1448,Ffos Las,Penn Avenue,Hurdle, ,Y,13,13,8,8,5,D,f,4,160, ,0,26,7,4,12,3,3,0,0,249,0,4,33.34,0,0,0,0,May,Hcap-Hdle,David Pipe,Mr Rian Corcoran,26.73,19.35,5,5,35,50,33.33,50,50,33.33,33.33,0,77.96,327.95
260505,1448,Ffos Las,Forever Penywern,Hurdle, ,Y,13,10,9,9.5,5,D,g,4,163, ,0,15,2,6,2,6,9,0,0,376,1,3,10,0,0,0,0,May,Hcap-Hdle,Warren Greatrex,James Bowen,44.14,55.83,0,7,0,33.33,70,70,33.33,100,70,0,93.22,469.88
260505,1448,Ffos Las,Uncle Remus,Hurdle, ,Y,13,15,9,10,5,S,g,5,162, ,0,32,9,8,7,9,8,0,0,326,1,4,13.34,0,0,0,0,May,Hcap-Hdle,Robert Stephens,Stan Sheppard,2.72,34.05,0,3,-20,70,33.33,100,40,33.33,50,0,79.66,406.32
260505,1448,Ffos Las,Prince Rhinegold,Hurdle, ,Y,13,11.33,10,11,5,S,g,8,144, ,0,24,5,3,11,7,2,0,0,286,0,4,36.67,0,0,0,0,May,Hcap-Hdle,Linda Blackford,James Best,0,30.02,0,4,50,50,33.33,50,40,33.33,80,0,93.22,379.88
260505,1448,Ffos Las,Bowling Shane,Hurdle, ,Y,13,15.66,12,13,5,D,g,4,147, ,0,39,12,8,13,12,11,0,0,216,0,6,0,0,0,0,0,May,Hcap-Hdle,Clive Boultbee-Brooks,Ned Fox,33.33,19.97,3,10,-20,33.33,33.33,33.33,33.33,50,33.33,0,33.33,249.98
260505,1448,Ffos Las,Kates Choice,Hurdle, ,Y,13,14.66,13,19,5,S,m,6,159, ,0,24,5,5,6,2,4,0,0,333,0,2,6.67,0,0,0,0,May,Hcap-Hdle,Nikki Evans,Ben Poste,0,30.76,0,2,20,60,50,60,33.33,80,50,0,88.13,421.46
260505,1448,Ffos Las,Model Approach,Hurdle, ,Y,13,15.33,29,21,5,S,g,5,156, ,0,29,8,2,10,5,5,0,0,303,1,5,16.66,0,0,0,0,May,Hcap-Hdle,Mrs C Williams,Conor Ring,17.94,0,0,3,80,70,33.33,100,33.33,33.33,33.33,0,62.71,366.03
260505,1448,Ffos Las,Get The Value,Hurdle, ,Y,13,9,21,26,5,D,g,8,168, ,0,7,1,1,1,1,1,0,5,416,2,3,40,0,0,0,0,May,Hcap-Hdle,John O'Shea,David Noonan,12.5,17.71,0,7,115,100,70,100,33.33,80,33.33,0,118.64,535.3
260505,1448,Ffos Las,And She Was,Hurdle, ,Y,13,17,26,34,5,S,m,5,160, ,0,40,13,11,8,11,12,0,0,313,1,5,10,0,0,0,0,May,Hcap-Hdle,Alan King,Tom Bellamy,48.85,32.68,0,254,-30,33.33,33.33,33.33,33.33,100,80,0,33.33,346.65
260505,1448,Ffos Las,Peace Motivator,Hurdle, ,Y,13,25.33,34,41,5,D,g,6,163, ,0,35,10,11,5,99,99,0,0,339,1,4,6.66,0,0,0,0,May,Hcap-Hdle,Barry T Murphy,Miss Elizabeth Gale,0,41.68,5,254,-30,33.33,33.33,100,33.33,80,60,0,33.33,373.32
260505,1500,Ayr,Ashen,Turf, ,Y,9,8.33,2.63,2.63,6,D,g,4,135, ,1.04,24,6,7,8,6,5,4,0,463,3,3,62.67,0,0,0,0,May,Hcap,Jim Goldie,Paul Mulrennan,31.74,35.01,0,3,20,33.33,60,33.33,33.33,100,100,104,33.33,497.32
260505,1500,Ayr,Camera Shy,Turf, ,Y,9,7,5.5,5,6,S,g,4,135, ,0.94,13,2,5,4,3,2,1,1,574,3,0,62.01,0,0,0,0,May,Hcap,Michael Dods,Daniel Tudhope,41.67,45.26,0,6,45,100,50,100,50,100,80,94,83.6,657.6
260505,1500,Ayr,Coconut Bay,Turf, ,Y,9,5,5,5,6,D,m,7,129, ,1.22,5,1,1,1,2,1,2,4,642,4,0,18,0,0,0,0,May,Hcap,Tristan Davidson,Jason Hart,47.65,46.16,0,8,175,70,90,100,100,60,100,122,104.91,746.91
260505,1500,Ayr,Jkr Cobbler,Turf, ,Y,9,9,6,7,6,S,g,7,128, ,0.94,14,3,2,3,5,6,3,0,584,2,0,10,0,0,0,0,May,Hcap,Iain Jardine,Andrew Mullen,33.63,29.1,0,5,60,60,70,100,100,80,80,94,33.33,617.33
260505,1500,Ayr,Habrdi,Turf, ,Y,9,10,11,9,6,D,g,5,135, ,1.12,25,7,5,5,8,7,6,0,511,4,3,11.99,0,0,0,0,May,Hcap,Ruth Carr,Connor Beasley,35.02,39.61,0,6,45,33.33,33.33,100,33.33,100,100,112,33.33,545.32
260505,1500,Ayr,Little Ted,Turf, ,Y,9,9.66,15,15,6,S,g,9,127, ,1,16,4,3,6,1,3,7,1,500,1,0,1.01,0,0,0,0,May,Hcap,Tim Easterby,David Allan,37.06,40.38,0,9,50,60,50,70,60,80,80,100,33.33,533.33
260505,1500,Ayr,Trais Fluors,Turf, ,Y,9,11.66,15,17,6,S,g,12,124, ,1.19,25,7,3,7,7,4,8,0,498,3,3,35,0,0,0,0,May,Hcap,Linda Perratt,Lauren Young,35.39,45.71,5,8,50,33.33,33.33,100,33.33,80,100,119,33.33,532.32
260505,1500,Ayr,Approaching Dawn,Turf, ,Y,9,13,29,41,6,S,g,6,117, ,0.88,32,9,9,9,9,9,4,0,401,1,4,0,0,0,0,0,May,Hcap,Jim Goldie,Rhys Elliott,31.74,26.03,5,8,-20,33.33,33.33,33.33,33.33,100,80,88,33.33,434.65
260505,1518,Ffos Las,Fairye Forth,Hurdle, ,N,6,3,1.5,1.5,4,S,g,7,157, ,0,4,1,1,1,1,1,0,5,493,2,2,180.01,0,0,0,0,May,Nov-Hdle,Rebecca Curtis,Sean Bowen,24.26,45.35,0,2,60,90,90,100,100,33.33,80,0,100,593.33
260505,1518,Ffos Las,Getaway Vic,Hurdle, ,N,6,5.33,3.75,3.75,4,U,g,7,157, ,0,12,3,3,3,99,99,0,0,283,0,5,20,0,0,0,0,May,Nov-Hdle,Mickey Bowen,James Bowen,47.56,55.83,0,1,-20,33.33,33.33,33.33,33.33,80,70,0,33.33,316.65
260505,1518,Ffos Las,Kind Intention,Hurdle, ,N,6,9.66,9,9,4,S,g,5,157, ,0,18,6,5,6,99,99,0,0,216,0,6,0,0,0,0,0,May,Nov-Hdle,Tom Symonds,Ben Poste,5.32,30.76,0,4,-30,33.33,33.33,33.33,33.33,33.33,50,0,33.33,249.98
260505,1518,Ffos Las,Idaho Fire,Hurdle, ,N,6,5,15,15,4,S,g,5,157, ,0,9,2,2,2,99,99,0,0,313,1,5,30,0,0,0,0,May,Nov-Hdle,Paul Nicholls,Mr Frederick Gingell,50.4,57.97,0,254,-10,33.33,33.33,33.33,33.33,100,80,0,33.33,346.65
260505,1518,Ffos Las,Yellow Card,Hurdle, ,N,6,10,51,51,4,S,g,4,149, ,0,16,4,5,4,2,2,0,0,263,0,5,36.67,0,0,0,0,May,Nov-Hdle,Mickey Bowen,Brendan Powell,47.56,31.01,0,11,-30,33.33,33.33,33.33,33.33,80,50,0,53.22,316.54
260505,1518,Ffos Las,Mariniere,Hurdle, ,N,6,13,101,101,4,U,g,5,157, ,0,17,5,3,5,99,99,0,0,226,0,6,10,0,0,0,0,May,Nov-Hdle,Harriet Dickin,Miss Megan Bevan,25.04,44.43,7,8,-20,33.33,33.33,33.33,33.33,33.33,60,0,33.33,259.98
260505,1530,Ayr,Land Of The Giants,Turf, ,Y,12,12,4,4.5,6,S,g,4,134, ,0.91,25,7,9,4,7,12,1,1,537,3,2,9.33,0,0,0,0,May,Hcap,Adrian McGuinness,Adam Caffrey,47.54,33.84,0,2,20,100,100,33.33,33.33,100,80,91,33.33,570.99
260505,1530,Ayr,Dingwall,Turf, ,Y,12,13,4.5,5,6,S,g,5,134, ,0.88,24,5,7,3,8,8,6,0,578,2,0,40.34,0,0,0,0,May,Hcap,Iain Jardine,Cam Hardie,33.63,22.43,0,2,30,60,70,100,100,80,80,88,33.33,611.33
260505,1530,Ayr,Uncle Liam,Turf, ,Y,12,11.66,5.5,6,6,S,g,4,122, ,1.18,31,9,7,9,11,7,7,0,477,3,3,2.33,0,0,0,0,May,Hcap,Jim Goldie,Lauren Young,31.74,45.71,5,2,30,60,33.33,33.33,33.33,100,100,118,33.33,511.32
260505,1530,Ayr,Royal Blaze,Turf, ,Y,12,9,9,8,6,D,g,5,131, ,1.03,14,3,4,2,6,9,3,0,583,4,0,5,0,0,0,0,May,Hcap,Ewan Whillans,David Nolan,39.16,26.87,0,4,80,60,70,100,100,50,100,103,33.33,616.33
260505,1530,Ayr,Glasses Up,Turf, ,Y,12,7.66,10,8,6,S,g,11,129, ,1.47,7,1,1,1,4,3,2,3,598,4,1,15.33,0,0,0,0,May,Hcap,Robert Smith,Clifford Lee,21.26,38.11,0,5,135,70,70,100,100,33.33,100,125,88.52,686.85
260505,1530,Ayr,Zebra Star,Turf, ,Y,12,16,19,10,6,S,m,6,120, ,0.59,40,11,11,10,9,4,12,0,475,2,2,81,0,0,0,0,May,Hcap,Robert Smith,Rhys Elliott,21.26,26.03,5,10,0,33.33,70,100,100,33.33,80,59,86.88,562.54
260505,1530,Ayr,Runninsonofagun,Turf, ,Y,12,8.66,9.5,10,6,S,g,4,135, ,1.45,13,2,3,5,2,2,4,0,528,2,1,17.67,0,0,0,0,May,Hcap,Tristan Davidson,Greg Fairley,47.65,31.82,0,3,110,100,70,33.33,90,60,50,125,101.63,629.96
260505,1530,Ayr,Tap Dancer,Turf, ,Y,12,13,12,12,6,D,f,4,133, ,0.44,24,5,5,8,5,5,8,0,497,3,2,19.34,0,0,0,0,May,Hcap,Jim Goldie,Paul Mulrennan,31.74,35.01,0,8,40,100,50,33.33,70,100,100,44,33.33,530.66
260505,1530,Ayr,Lovette,Turf, ,Y,12,15,13,17,6,S,f,4,134, ,1.49,27,8,11,7,3,10,9,0,501,2,2,4.33,0,0,0,0,May,Hcap,Iain Jardine,Andrew Mullen,33.63,29.1,0,4,0,100,33.33,50,33.33,80,80,125,33.33,534.99
260505,1530,Ayr,Millbuie,Turf, ,Y,12,17.33,19,19,6,S,g,5,117, ,1.18,43,12,9,11,12,11,11,0,394,1,2,9.67,0,0,0,0,May,Hcap,Ewan Whillans,William Pyle,39.16,33.81,0,8,20,33.33,60,33.33,50,50,50,118,33.33,427.99
260505,1530,Ayr,Golden Valour,Turf, ,Y,12,20,21,26,6,S,g,10,122, ,0.65,39,10,5,12,10,1,5,1,384,1,3,0,0,0,0,0,May,Hcap,Robert Smith,Miss Amie Waugh,21.26,20.23,3,6,40,50,70,33.33,100,33.33,33.33,65,95.08,480.07
260505,1530,Ayr,Shifter,Turf, ,Y,12,12,29,29,6,D,m,7,120, ,0.74,18,4,2,6,1,6,10,1,510,3,2,9,0,0,0,0,May,Hcap,Wilf Storey,Paula Muir,8.16,0,3,8,125,100,70,100,100,33.33,33.33,74,33.33,543.99
260505,1548,Ffos Las,Hillwalk,Hurdle, ,Y,9,9,3.75,3.75,5,S,g,6,158, ,0,16,3,8,2,1,8,0,1,376,1,3,16.67,0,0,0,0,May,Hcap-Nov-Hdle,Neil Mulholland,Conor O'Farrell,27.1,45.59,0,2,-10,100,50,33.33,33.33,80,80,0,33.33,409.99
260505,1548,Ffos Las,Star Turn,Hurdle, ,Y,9,7,6,5,5,S,g,6,145, ,0,9,1,3,1,2,5,0,2,453,2,2,76.67,0,0,0,0,May,Hcap-Nov-Hdle,Mickey Bowen,Sean Bowen,47.56,45.35,0,2,30,60,33.33,100,100,80,80,0,33.33,486.66
260505,1548,Ffos Las,Colby Mayfield,Hurdle, ,Y,9,12,6,6,5,S,g,6,145, ,0,23,7,7,4,4,4,0,0,356,1,3,16.67,0,0,0,0,May,Hcap-Nov-Hdle,John Flint,Sam Twiston-Davies,17.18,43.91,0,5,0,70,50,70,33.33,33.33,100,0,33.33,389.99
260505,1548,Ffos Las,Constantinian,Hurdle, ,Y,9,7,5,6,5,D,g,6,166, ,0,14,2,4,3,6,7,0,0,359,2,4,3.33,0,0,0,0,May,Hcap-Nov-Hdle,Oliver Signy,James Davies,73.46,38.25,0,3,20,33.33,60,33.33,33.33,100,100,0,33.33,393.32
260505,1548,Ffos Las,Les's Destiny Star,Hurdle, ,Y,9,7.66,6.5,6.5,5,S,g,7,158, ,0,19,4,6,4,7,6,0,0,356,1,3,0,0,0,0,0,May,Hcap-Nov-Hdle,Ben Pauling,Mr Ben Jones,17.08,22.5,0,3,10,60,33.33,50,100,80,33.33,0,33.33,389.99
260505,1548,Ffos Las,Parliamo,Hurdle, ,Y,9,9.66,11,11,5,D,g,6,166, ,0,23,7,2,7,8,2,0,0,319,1,4,10,0,0,0,0,May,Hcap-Nov-Hdle,Mrs Melanie Rowley,Mr D I J Andrews,50.72,100,7,4,50,33.33,33.33,50,33.33,70,100,0,100,419.99
260505,1548,Ffos Las,Dessie Haze,Hurdle, ,Y,9,8,11,12,5,S,g,8,157, ,0,19,4,4,8,3,1,0,1,309,1,4,63.34,0,0,0,0,May,Hcap-Nov-Hdle,Phillip Dando,Conor Ring,29.74,0,0,6,20,60,50,100,33.33,33.33,33.33,0,77.96,387.95
260505,1548,Ffos Las,Jaja Jimmy,Hurdle, ,Y,9,15.66,23,23,5,S,g,6,148, ,0,36,9,9,9,9,9,0,0,246,0,6,0,0,0,0,0,May,Hcap-Nov-Hdle,Jo Davis,Tom Bellamy,0,32.68,0,254,-30,33.33,33.33,33.33,33.33,33.33,80,0,33.33,279.98
260505,1548,Ffos Las,Times Are Green,Hurdle, ,Y,9,9,26,26,5,D,g,6,168, ,0,19,4,1,6,5,3,0,1,339,1,4,20,0,0,0,0,May,Hcap-Nov-Hdle,Emma Lavelle,Mr Charlie Todd,39.36,40.01,0,254,85,100,33.33,33.33,33.33,80,60,0,33.33,373.32
260505,1600,Ayr,Eve's Boy,Turf, ,Y,7,7,4.33,3.75,5,S,g,4,131, ,1.16,13,2,6,1,2,6,7,1,686,6,0,10,0,0,0,0,May,Hcap,Michael Dods,Connor Beasley,41.67,39.61,0,2,40,100,70,100,100,100,100,116,33.33,719.33
260505,1600,Ayr,Rajapour,Turf, ,Y,7,5.66,3.25,4.33,5,S,g,6,134, ,0.9,13,2,2,3,5,5,4,0,600,3,0,18.34,0,0,0,0,May,Hcap,David O'Meara,Mark Winn,36.26,38.2,0,2,110,70,90,100,50,100,100,90,33.33,633.33
260505,1600,Ayr,Donna Nook,Turf, ,Y,7,6,4.5,5,5,S,f,4,132, ,0.93,19,6,4,6,7,3,5,0,422,1,3,6,0,0,0,0,May,Hcap,David O'Meara,Daniel Tudhope,36.26,45.26,0,3,95,33.33,33.33,33.33,50,100,80,93,82.81,505.8
260505,1600,Ayr,Pearl Eye,Turf, ,Y,7,6,9.5,6.5,5,S,g,6,135, ,1.45,14,4,1,4,4,2,2,1,581,4,2,109.66,0,0,0,0,May,Hcap,Jim Goldie,Lauren Young,31.74,45.71,5,10,125,90,33.33,100,33.33,100,100,125,79.68,661.34
260505,1600,Ayr,Penelope's Sister,Turf, ,Y,7,5.33,7,6.5,5,S,m,6,130, ,1.16,9,1,5,2,1,1,2,3,676,5,0,76,0,0,0,0,May,Hcap,Jim Goldie,Paul Mulrennan,31.74,35.01,0,6,70,90,70,100,100,100,100,116,109.37,785.37
260505,1600,Ayr,Starliner,Turf, ,Y,7,8.33,12,10,5,S,g,5,124, ,1.22,16,5,2,5,3,4,1,1,472,1,0,49.01,0,0,0,0,May,Hcap,Linda Perratt,William Pyle,35.39,33.81,0,4,110,70,50,50,50,80,50,122,33.33,505.33
260505,1600,Ayr,Novak,Turf, ,Y,7,11.33,11,17,5,S,g,7,128, ,0.87,27,7,7,7,6,7,6,0,416,0,3,0,0,0,0,0,May,Hcap,Iain Jardine,Andrew Mullen,33.63,29.1,0,8,20,70,33.33,33.33,33.33,80,80,87,33.33,450.32
260505,1618,Ffos Las,Hell Hound,Chase, ,Y,10,9,3.25,3.25,4,S,g,7,156, ,0,17,4,7,2,4,10,0,0,493,3,2,60,0,0,0,0,May,Hcap-Cha,Neil Mulholland,Conor O'Farrell,27.1,45.59,0,1,30,100,100,100,33.33,80,80,0,33.33,526.66
260505,1618,Ffos Las,The Boola Boss,Chase, ,Y,10,6.66,5,5,4,S,g,10,165, ,0,12,1,1,7,3,1,0,3,393,1,2,43.34,0,0,0,0,May,Hcap-Cha,Rebecca Curtis,Sean Bowen,24.26,45.35,0,1,140,70,60,100,50,33.33,80,0,106.45,499.78
260505,1618,Ffos Las,Copshill Lad,Chase, ,Y,10,11.33,5,5,4,S,g,8,160, ,0,18,5,9,1,1,5,0,2,513,4,2,20,0,0,0,0,May,Hcap-Cha,Harry Derham,Paul O'Brien,55.74,29.61,0,1,20,100,100,100,33.33,100,80,0,106.45,619.78
260505,1618,Ffos Las,Imperial Alex,Chase, ,Y,10,7,6,6,4,D,g,9,163, ,0,14,3,2,5,5,4,0,0,396,2,3,0,0,0,0,0,May,Hcap-Cha,Tom Lacey,Stan Sheppard,31.22,34.05,0,5,105,100,33.33,100,33.33,80,50,0,108.06,504.72
260505,1618,Ffos Las,Buckna,Chase, ,Y,10,8.66,8,8,4,S,g,6,168, ,0,19,6,5,5,6,9,0,0,396,2,3,3.33,0,0,0,0,May,Hcap-Cha,Warren Greatrex,James Bowen,44.14,55.83,0,3,40,60,33.33,100,33.33,100,70,0,33.33,429.99
260505,1618,Ffos Las,Karuma Grey,Chase, ,Y,10,18,26,17,4,S,g,8,158, ,0,27,7,5,4,8,7,0,0,423,2,2,26.67,0,0,0,0,May,Hcap-Cha,Barry T Murphy,Miss Elizabeth Gale,0,41.68,5,254,40,50,33.33,100,100,80,60,0,33.33,456.66
260505,1618,Ffos Las,Fairlawn Flyer,Chase, ,Y,10,9,15,17,4,D,g,10,166, ,0,13,2,3,3,2,2,0,0,433,2,2,10,0,0,0,0,May,Hcap-Cha,Mickey Bowen,Mr J P Murray,47.56,39.37,7,254,75,100,70,100,33.33,80,50,0,114.51,547.84
260505,1618,Ffos Las,Galop De Chasse,Chase, ,Y,10,14.33,23,23,4,S,g,10,162, ,0,32,9,4,10,10,3,0,0,199,0,7,0,0,0,0,0,May,Hcap-Cha,Venetia Williams,Ned Fox,1.1,19.97,3,7,70,33.33,33.33,33.33,33.33,33.33,33.33,0,90.32,290.3
260505,1618,Ffos Las,Balkardy,Chase, ,Y,10,18.66,23,23,4,S,g,9,153, ,0,34,10,10,8,7,8,0,0,349,2,4,30,0,0,0,0,May,Hcap-Cha,Mrs C Williams,Miss Eleanor Williams,17.94,0,7,254,0,50,33.33,100,100,33.33,33.33,0,33.33,383.32
260505,1618,Ffos Las,Arrycan,Chase, ,Y,10,11,29,34,4,S,g,12,155, ,0,31,8,7,9,9,6,0,0,319,0,4,120.01,0,0,0,0,May,Hcap-Cha,Nick Scholfield,J M Quinlan,19.58,40.79,0,5,30,60,33.33,33.33,33.33,80,80,0,69.35,389.34
260505,1630,Ayr,The Gay Blade,Turf, ,Y,7,6.33,2.75,3,6,S,g,7,129, ,1.41,11,2,4,5,1,2,4,1,511,2,2,6.67,0,0,0,0,May,Hcap,Iain Jardine,Cara Tuke,33.63,12.31,7,2,40,70,70,100,33.33,80,33.33,125,104.91,616.57
260505,1630,Ayr,Taygar,Turf, ,Y,7,4.66,4.33,3.75,6,D,m,5,135, ,1.09,7,1,1,1,2,1,2,4,669,5,0,51,0,0,0,0,May,Hcap,Michael Dods,Paul Mulrennan,41.67,35.01,0,8,175,90,70,100,100,100,100,109,113.11,782.11
260505,1630,Ayr,Iris Dancer,Turf, ,Y,7,5,6,6.5,6,D,m,8,135, ,1.19,11,2,2,3,4,3,3,0,542,3,1,10.67,0,0,0,0,May,Hcap,Tristan Davidson,Andrew Mullen,47.65,29.1,0,11,155,100,50,100,33.33,60,80,119,33.33,575.66
260505,1630,Ayr,Tarlac,Turf, ,Y,7,6.66,8.5,7,6,D,g,4,129, ,1.45,16,5,3,4,5,6,5,0,531,3,2,20,0,0,0,0,May,Hcap,Katie Scott,Jason Hart,35.15,46.16,0,6,65,90,33.33,100,33.33,50,100,125,33.33,564.99
260505,1630,Ayr,Summerstorms Dream,Turf, ,Y,7,11.66,7.5,7.5,6,S,f,4,121, ,1.16,25,6,7,7,6,4,1,1,482,3,2,0,0,0,0,0,May,Hcap,Jim Goldie,Lauren Young,31.74,45.71,5,4,-40,50,33.33,50,33.33,100,100,116,33.33,515.99
260505,1630,Ayr,Filly's Last Lady,Turf, ,Y,7,9,11,8.5,6,D,m,5,131, ,0.98,15,4,4,2,3,5,6,0,618,4,0,75.67,0,0,0,0,May,Hcap,Gary Harrison,Barry McHugh,39.45,33.05,0,5,40,100,50,100,70,100,100,98,33.33,651.33
260505,1630,Ayr,Colour Code,Turf, ,Y,7,11.66,19,23,6,S,m,5,121, ,1.45,26,7,6,6,7,7,7,0,504,3,3,22.33,0,0,0,0,May,Hcap,Linda Perratt,Mark Winn,35.39,38.2,0,252,-10,33.33,33.33,100,33.33,80,100,125,33.33,538.32
260505,1648,Ffos Las,Mancero,Hurdle, ,Y,12,14.33,5.5,5.5,5,S,g,4,143, ,0,25,5,7,6,4,7,0,0,316,0,3,13.34,0,0,0,0,May,Hcap-Hdle,David Pipe,Charlie Hammond,26.73,20.37,0,2,-10,50,50,60,90,33.33,33.33,0,76.27,392.93
260505,1648,Ffos Las,Lion Of The Desert,Hurdle, ,Y,12,6.66,5,5.5,5,S,g,6,165, ,0,4,1,1,1,1,6,0,4,490,3,1,10,0,0,0,0,May,Hcap-Hdle,G Harris,Mr J A Anderson,44.4,100,3,1,60,50,60,100,100,80,100,0,77.96,567.96
260505,1648,Ffos Las,Bells Of Ufford,Hurdle, ,Y,12,29.33,7,7,5,S,g,6,160, ,0,31,9,4,9,6,1,0,1,289,0,4,10,0,0,0,0,May,Hcap-Hdle,Tim Vaughan,David Noonan,10.49,17.71,0,4,35,50,60,33.33,33.33,80,33.33,0,98.3,388.29
260505,1648,Ffos Las,Jukebox Joker,Hurdle, ,Y,12,15.66,9,7,5,S,g,6,152, ,0,30,7,12,4,7,9,0,0,326,1,3,6.67,0,0,0,0,May,Hcap-Hdle,Mrs C Williams,Mr Ellis Collier,17.94,31.6,5,8,-30,60,33.33,100,50,33.33,50,0,33.33,359.99
260505,1648,Ffos Las,This Sway,Hurdle, ,Y,12,11.33,8,8,5,S,g,5,159, ,0,20,4,6,5,5,8,0,0,319,1,4,3.33,0,0,0,0,May,Hcap-Hdle,Max Comley,Sam Twiston-Davies,28.64,43.91,0,3,0,70,50,33.33,33.33,33.33,100,0,94.91,414.9
260505,1648,Ffos Las,Alba Crus,Hurdle, ,Y,12,8,8,8,5,D,g,5,168, ,0,10,2,2,3,3,1,0,1,383,1,3,56.67,0,0,0,0,May,Hcap-Hdle,Warren Greatrex,James Bowen,44.14,55.83,0,4,50,33.33,70,70,40,100,70,0,110.16,493.49
260505,1648,Ffos Las,Mind Hunter,Hurdle, ,Y,12,13,10,10,5,S,g,8,142, ,0,28,6,7,6,9,3,0,0,316,0,3,0,0,0,0,0,May,Hcap-Hdle,Bernard Llewellyn,Mr Harry Atkins,45.41,48.14,5,4,-10,33.33,60,33.33,50,80,60,0,98.3,414.96
260505,1648,Ffos Las,Kylenoe Dancer,Hurdle, ,Y,12,8.33,11,11,5,S,m,8,147, ,0,10,2,3,2,2,10,0,0,480,1,1,96.67,0,0,0,0,May,Hcap-Hdle,Kim Bailey,Tom Bellamy,38.22,32.68,0,254,40,70,90,100,90,50,80,0,33.33,513.33
260505,1648,Ffos Las,Dublin To Milan,Hurdle, ,Y,12,12.66,11,13,5,S,g,7,154, ,0,30,7,7,10,8,4,0,0,279,0,4,6.67,0,0,0,0,May,Hcap-Hdle,Clive Boultbee-Brooks,Sean Bowen,33.33,45.35,0,11,-10,50,33.33,33.33,33.33,50,80,0,93.22,373.21
260505,1648,Ffos Las,Play On Court,Hurdle, ,Y,12,25,13,19,5,D,g,5,166, ,0,43,11,10,12,11,12,0,0,246,0,6,0,0,0,0,0,May,Hcap-Hdle,Harriet Dickin,James Best,25.04,30.02,0,6,-20,33.33,33.33,33.33,33.33,33.33,80,0,33.33,279.98
260505,1648,Ffos Las,Albert Park,Hurdle, ,Y,12,15.66,19,19,5,S,g,6,145, ,0,32,10,5,8,10,4,0,0,303,1,5,13.33,0,0,0,0,May,Hcap-Hdle,Nigel Hawke,James Davies,51.1,38.25,0,4,20,33.33,33.33,33.33,33.33,70,100,0,74.57,377.89
260505,1648,Ffos Las,Makinbecon,Hurdle, ,Y,12,27.33,34,34,5,S,g,6,144, ,0,44,12,10,11,12,11,0,0,273,0,5,26.67,0,0,0,0,May,Hcap-Hdle,Barry T Murphy,Miss Elizabeth Gale,0,41.68,5,9,-20,33.33,33.33,33.33,33.33,80,60,0,33.33,306.65
260505,1700,Ayr,Tupero,Turf, ,Y,6,6,2.63,2.75,5,U,g,4,130, ,0.23,19,6,6,6,6,99,4,0,402,2,4,0,0,0,0,0,May,Hcap,David O'Meara,Daniel Tudhope,36.26,45.26,0,4,-20,33.33,100,33.33,33.33,100,80,23,33.33,436.32
260505,1700,Ayr,Grey Fable,Turf, ,Y,6,8.33,4.33,5,5,U,g,6,129, ,1.39,18,5,5,5,2,4,1,1,464,2,3,62,0,0,0,0,May,Hcap,Karl Thornton,Adam Caffrey,0.27,33.84,0,6,0,100,60,33.33,33.33,33.33,80,125,87.5,552.49
260505,1700,Ayr,Aighear,Turf, ,Y,6,4.66,5,5,5,U,m,8,124, ,0.93,11,2,4,2,3,3,3,0,556,3,1,33.33,0,0,0,0,May,Hcap,Jim Goldie,Miss Amie Waugh,31.74,20.23,3,3,10,60,70,100,100,100,33.33,93,33.33,589.66
260505,1700,Ayr,Elemental Eye,Turf, ,Y,6,6.33,8.5,7.5,5,S,g,5,135, ,0.93,10,1,1,3,1,1,2,4,523,1,0,23.67,0,0,0,0,May,Hcap,Iain Jardine,Andrew Mullen,33.63,29.1,0,5,45,50,60,100,60,80,80,93,85.93,608.93
260505,1700,Ayr,Cascade Hall,Turf, ,Y,6,6,8,8.5,5,U,g,7,120, ,1.16,14,4,2,4,5,2,4,0,499,3,1,34.34,0,0,0,0,May,Hcap,Jim Goldie,Lauren Young,31.74,45.71,5,7,30,50,50,50,33.33,100,100,116,103.12,602.45
260505,1700,Ayr,Ebony Maw,Turf, ,Y,6,6,9.5,8.5,5,U,g,9,126, ,0.93,12,3,3,1,4,5,6,1,573,3,0,16.67,0,0,0,0,May,Hcap,Ewan Whillans,Jason Hart,39.16,46.16,0,7,20,60,70,100,100,50,100,93,33.33,606.33
260505,1707,Gowran Park,The Publican's Son,Turf, ,N,13,7.33,1.8,1.73,5,D,c,3,134,Y,0.49,8,2,1,2,4,4,0,1,569,4,1,0.67,0,0,0,0,May,Mdn,Joseph Patrick O'Brien,Dylan Browne McMonagle,45.03,46.17,0,2,10,100,70,50,100,100,100,49,33.33,602.33
260505,1707,Gowran Park,Starred,Turf, ,N,13,9.33,5,4.33,5,S,c,3,134,Y,1.02,7,1,2,1,2,7,0,2,605,5,1,36.33,0,0,0,0,May,Mdn,Joseph Patrick O'Brien,J M Sheridan,45.03,53.47,0,2,0,100,100,33.33,70,100,100,102,33.33,638.66
260505,1707,Gowran Park,Bamako Beach,Turf, ,N,13,12.33,5.5,5.5,5,S,c,3,134,Y,0.75,16,4,4,4,1,9,0,1,501,2,2,43.34,0,0,0,0,May,Mdn,M D O'Callaghan,J A Powell,8.16,20.14,0,2,-20,100,33.33,100,33.33,80,80,75,33.33,534.99
260505,1707,Gowran Park,Shaws Bay,Turf, ,N,13,11.33,11,11,5,S,c,3,134,Y,1.65,14,3,4,3,3,8,0,0,568,3,1,66.67,0,0,0,0,May,Mdn,J P Murtagh,Ben Coen,48.6,33.98,0,4,-20,70,33.33,70,70,100,100,125,33.33,601.66
260505,1707,Gowran Park,Sancerre Rock,Turf, ,N,13,12.66,10,12,5,D,c,3,134,Y,1.26,26,8,4,9,8,2,0,0,418,1,4,20,0,0,0,0,May,Mdn,Andrew Slattery,Andrew Slattery,33.43,26.89,0,6,-20,33.33,33.33,33.33,33.33,80,80,125,95.31,513.63
260505,1707,Gowran Park,Cosmic Funk,Turf, ,N,13,12.66,34,34,5,S,g,3,134,Y,0.43,24,6,3,12,6,5,0,0,336,0,5,10.67,0,0,0,0,May,Mdn,G M Lyons,Gary Carroll,45.92,34.11,0,8,-10,33.33,33.33,33.33,33.33,80,80,43,33.33,369.65
260505,1707,Gowran Park,Rodeo Blues,Turf, ,N,13,12.33,26,34,5,S,f,3,129,Y,1.26,20,5,4,5,99,99,0,0,458,3,4,15,0,0,0,0,May,Mdn,Joseph Patrick O'Brien,Declan McDonogh,45.03,45.65,0,15,-20,33.33,33.33,33.33,33.33,100,100,125,33.33,491.65
260505,1707,Gowran Park,Ragaire,Turf, ,N,13,16.33,29,41,5,S,g,3,134,Y,0.59,36,12,4,13,10,11,0,0,325,1,5,0,0,0,0,0,May,Mdn,Joseph Patrick O'Brien,Scott McCullagh,45.03,19.2,0,15,-20,33.33,33.33,33.33,33.33,100,33.33,59,33.33,358.98
260505,1707,Gowran Park,Absoluteassignment,Turf, ,N,13,19,51,51,5,D,g,3,134,Y,1.97,34,11,4,11,9,1,0,1,351,1,5,15.33,0,0,0,0,May,Mdn,Anthony Mullins,Gavin Ryan,41.03,23.97,0,7,-20,33.33,33.33,33.33,33.33,60,33.33,125,92.18,443.83
260505,1707,Gowran Park,Glasarmi,Turf, ,N,13,29.66,51,51,5,S,f,3,129,Y,1.5,32,10,4,10,99,99,0,0,398,1,4,46.67,0,0,0,0,May,Mdn,Rory Devine,Luke McAteer,40.74,36.21,0,0,-20,33.33,33.33,33.33,33.33,60,80,125,33.33,431.65
260505,1707,Gowran Park,Starflow,Turf, ,N,13,14.33,41,51,5,S,g,3,134,Y,1.1,24,6,4,6,99,10,0,0,443,3,4,6.33,0,0,0,0,May,Mdn,Henry De Bromhead,W J Lee,35.02,49.57,0,8,-20,33.33,33.33,33.33,33.33,100,100,110,33.33,476.65
260505,1707,Gowran Park,Casla's Eagle,Turf, ,N,13,18.33,67,81,5,S,f,3,129,Y,0.71,28,9,4,8,5,5,0,0,434,1,1,16.01,0,0,0,0,May,Mdn,Peter Fahey,Ronan Whelan,41.32,45.14,0,7,-20,50,50,33.33,50,100,80,71,33.33,467.66
260505,1707,Gowran Park,Spiritofthedawn,Turf, ,N,13,42,126,151,5,D,f,3,129,Y,0.87,40,13,13,7,7,3,0,0,436,2,3,2.66,0,0,0,0,May,Mdn,F G Hand,R Whearty,83.35,26.22,0,11,-30,33.33,33.33,33.33,50,100,100,87,60.93,497.92
260505,1722,Ffos Las,Loki's Mischief,Chase, ,Y,11,10.66,3,2.88,5,S,g,6,168, ,0,23,6,8,5,5,99,0,0,359,1,4,33.33,0,0,0,0,May,Hcap-Cha,Chester Williams,Lorcan Williams,0,21.68,0,2,0,100,33.33,33.33,33.33,80,80,0,33.33,393.32
260505,1722,Ffos Las,Jack's Jury,Chase, ,Y,11,11.33,11,6.5,5,D,g,6,163, ,0,22,5,9,4,99,99,0,0,416,2,3,56.67,0,0,0,0,May,Hcap-Cha,Barry T Murphy,James Bowen,0,55.83,0,5,-20,33.33,33.33,100,100,80,70,0,33.33,449.99
260505,1722,Ffos Las,L'Empire Vert,Chase, ,Y,11,8.33,6,8,5,S,g,6,165, ,0,10,2,5,1,2,7,0,1,443,2,2,16.67,0,0,0,0,May,Hcap-Cha,Sheila Lewis,Brendan Powell,23.87,31.01,0,1,20,70,90,100,100,33.33,50,0,33.33,476.66
260505,1722,Ffos Las,Boston Joe,Chase, ,Y,11,7.66,8,8.5,5,S,g,10,167, ,0,6,1,2,2,1,9,0,2,426,2,3,6.66,0,0,0,0,May,Hcap-Cha,Rebecca Curtis,Mr Ben Jones,24.26,22.5,0,5,50,90,70,100,100,33.33,33.33,0,33.33,459.99
260505,1722,Ffos Las,Jack's A Legend,Chase, ,Y,11,11.66,8.5,9.5,5,S,g,11,163, ,0,24,7,3,8,6,6,0,0,313,0,2,30.01,0,0,0,0,May,Hcap-Cha,Tim Vaughan,Miss Imogen Mathias,10.49,38.24,7,3,30,50,50,50,33.33,80,50,0,67.24,380.57
260505,1722,Ffos Las,Radharc Na Slaine,Chase, ,Y,11,10.33,11,11,5,S,g,9,145, ,0,20,4,7,3,4,1,0,1,420,2,2,3.34,0,0,0,0,May,Hcap-Cha,David Rees,Sean Bowen,100,45.35,0,4,5,50,50,100,40,100,80,0,98.27,518.27
260505,1722,Ffos Las,Bahtiyar,Chase, ,Y,11,9.33,9.5,12,5,D,g,8,150, ,0,19,3,3,6,7,4,0,0,326,0,3,13.33,0,0,0,0,May,Hcap-Cha,Maxwell Young,Ben Poste,64,30.76,0,2,30,33.33,70,50,33.33,90,50,0,89.65,416.31
260505,1722,Ffos Las,Lelant,Chase, ,Y,11,13,9.5,13,5,S,g,8,160, ,0,31,9,5,9,8,3,0,0,283,1,5,10,0,0,0,0,May,Hcap-Cha,Mrs C Williams,Mr Osian Radford,17.94,0,10,8,20,33.33,50,100,33.33,33.33,33.33,0,53.44,336.76
260505,1722,Ffos Las,Rangatira Jack,Chase, ,Y,11,16.33,15,15,5,S,g,8,154, ,0,31,9,1,10,9,1,0,2,273,0,5,26.67,0,0,0,0,May,Hcap-Cha,Linda Blackford,James Best,0,30.02,0,4,80,60,33.33,33.33,33.33,33.33,80,0,87.93,361.25
260505,1722,Ffos Las,Of Corse I Can,Chase, ,Y,11,13.66,19,15,5,S,g,9,143, ,0,25,8,9,6,3,5,0,0,326,0,3,0,0,0,0,0,May,Hcap-Cha,Neil Mulholland,Bradley Harris,27.1,45.33,3,6,-20,60,60,33.33,33.33,80,60,0,33.33,359.99
260505,1722,Ffos Las,Sawpit Samantha,Chase, ,Y,11,17,51,67,5,S,m,8,142, ,0,40,11,9,11,10,7,0,0,246,0,6,0,0,0,0,0,May,Hcap-Cha,Jo Davis,Benjamin Macey,0,28,5,8,-20,33.33,33.33,33.33,33.33,33.33,80,0,68.96,315.61
260505,1737,Gowran Park,Satoyama,Turf, ,N,16,11.66,3.25,3,5,S,c,3,134,Y,0.75,13,2,3,3,5,7,0,0,461,2,2,3.34,0,0,0,0,May,Mdn,Joseph Patrick O'Brien,Dylan Browne McMonagle,45.03,46.17,0,5,-10,60,33.33,33.33,60,100,100,75,33.33,494.99
260505,1737,Gowran Park,Kalir,Turf, ,N,16,10,4,4,5,S,c,3,134,Y,0.73,11,1,1,7,2,1,0,3,446,0,1,8.01,0,0,0,0,May,Mdn,D K Weld,Chris Hayes,57.07,47.85,0,3,15,33.33,60,70,50,80,80,73,33.33,479.66
260505,1737,Gowran Park,Stellar View,Turf, ,N,16,14.66,8.5,8,5,S,g,3,134,Y,0.68,21,4,4,6,4,4,0,0,451,2,1,5,0,0,0,0,May,Mdn,Henry De Bromhead,W J Lee,35.02,49.57,0,5,-20,50,33.33,50,50,100,100,68,33.33,484.66
260505,1737,Gowran Park,Hippology,Turf, ,N,16,13.33,8.5,8.5,5,S,c,3,134,Y,0.98,15,3,4,2,3,8,0,0,484,2,2,23,0,0,0,0,May,Mdn,Joseph Patrick O'Brien,Declan McDonogh,45.03,45.65,0,10,-20,33.33,60,60,33.33,100,100,98,33.33,517.99
260505,1737,Gowran Park,Loch Gamhna,Turf, ,N,16,13.66,13,13,5,D,c,3,134,Y,0.76,28,6,2,14,8,3,0,0,349,0,4,11,0,0,0,0,May,Mdn,Martin Hassett,Paddy Harnett,27.75,57.83,5,8,-5,33.33,33.33,33.33,60,33.33,80,76,33.33,382.65
260505,1737,Gowran Park,Dun Aonghasa,Turf, ,N,16,29.66,13,13,5,S,g,3,134,Y,0.9,37,13,4,12,99,99,0,0,403,1,4,37,0,0,0,0,May,Mdn,Noel Meade,Gary Carroll,41.13,34.11,0,5,-20,33.33,33.33,33.33,33.33,100,80,90,33.33,436.65
260505,1737,Gowran Park,Rolltight,Turf, ,N,16,13.33,13,13,5,S,c,3,134,Y,0.9,23,5,4,9,7,10,0,0,423,2,4,15,0,0,0,0,May,Mdn,J P Murtagh,Ben Coen,48.6,33.98,0,8,-20,33.33,33.33,33.33,33.33,100,100,90,33.33,456.65
260505,1737,Gowran Park,Western Bandit,Turf, ,N,16,33.66,13,13,5,S,c,4,147,Y,1.35,30,8,14,1,1,2,0,2,491,2,2,7,0,0,0,0,May,Mdn,Anthony Mullins,Seamie Heffernan,41.03,39.17,0,5,-30,33.33,70,70,33.33,60,100,125,82.81,574.47
260505,1737,Gowran Park,Saliba,Turf, ,N,16,56,15,17,5,S,g,3,134,Y,0.94,39,14,4,11,99,99,0,0,407,1,4,4,0,0,0,0,May,Mdn,Mrs John Harrington,Shane Foley,36.32,50.53,0,0,-20,33.33,33.33,33.33,33.33,80,100,94,33.33,440.65
260505,1737,Gowran Park,Will You Stop,Turf, ,N,16,22,17,19,5,S,g,3,134,Y,0.73,34,11,4,13,99,99,0,0,366,0,4,17,0,0,0,0,May,Mdn,Andrew Slattery,Andrew Slattery,33.43,26.89,0,0,-20,33.33,33.33,33.33,33.33,80,80,73,33.33,399.65
260505,1737,Gowran Park,Casamorati,Turf, ,N,16,14,19,23,5,D,c,3,134,Y,1.35,31,9,14,4,9,5,0,0,458,3,4,6.99,0,0,0,0,May,Mdn,Joseph Patrick O'Brien,J M Sheridan,45.03,53.47,0,8,-30,33.33,33.33,33.33,33.33,100,100,125,33.33,491.65
260505,1737,Gowran Park,Leeward,Turf, ,N,16,18.66,23,26,5,S,c,3,134,Y,0.55,33,10,4,15,6,12,0,0,338,1,4,25.34,0,0,0,0,May,Mdn,J P Murtagh,N G McCullagh,48.6,23.08,0,7,-20,50,33.33,33.33,33.33,100,33.33,55,33.33,371.65
260505,1737,Gowran Park,Captain Con,Turf, ,N,16,24.33,34,41,5,S,g,3,134,Y,1.43,35,12,4,8,13,6,0,0,438,2,4,15,0,0,0,0,May,Mdn,Noel Meade,Ronan Whelan,41.13,45.14,0,13,-20,33.33,33.33,33.33,33.33,100,80,125,33.33,471.65
260505,1737,Gowran Park,Matada,Turf, ,N,16,26,51,51,5,S,g,3,134,Y,1.35,29,7,4,4,10,8,0,0,458,3,4,0,0,0,0,0,May,Mdn,Gavin Cromwell,R Whearty,35.21,26.22,0,11,-20,33.33,33.33,33.33,33.33,100,100,125,33.33,491.65
260505,1737,Gowran Park,Faithful Follower,Turf, ,N,16,41.33,101,126,5,S,g,7,147,Y,1.31,40,15,4,10,11,99,0,0,408,2,4,1,0,0,0,0,May,Mdn,Paul Hennessy,Danny Mullins,35.7,35.63,0,13,-20,33.33,33.33,33.33,33.33,50,100,125,33.33,441.65
260505,1737,Gowran Park,Chico Chico,Turf, ,N,16,29.33,151,201,5,S,g,4,147,Y,1.13,53,16,14,16,12,11,0,0,312,1,6,0,0,0,0,0,May,Mdn,Donal Kinsella,Robbie Colgan,6.92,23,0,13,-30,33.33,33.33,33.33,33.33,33.33,33.33,113,33.33,346.31
260505,1742,Hereford,Maximum Offers,Chase, ,Y,6,4,3.75,3.5,4,S,g,7,168, ,0,6,1,3,1,1,3,0,3,590,5,1,126.67,0,0,0,0,May,Hcap-Cha,Jamie Snowden,Gavin Sheehan,66.71,48.93,0,1,70,90,100,100,100,100,100,0,104.83,694.83
260505,1742,Hereford,Mahler Moon,Chase, ,Y,6,5.33,3.75,4,4,S,g,8,164, ,0,12,2,2,4,3,2,0,0,440,1,1,66.67,0,0,0,0,May,Hcap-Cha,Fergal O'Brien,Jonathan Burke,33.43,45.64,0,1,80,60,60,100,60,80,80,0,106.45,546.45
260505,1742,Hereford,Smurfette,Chase, ,Y,6,6.33,3.75,4,4,S,m,8,167, ,0,15,4,6,3,2,4,0,0,460,1,1,20,0,0,0,0,May,Hcap-Cha,T Ellis,Mr Jack Andrews,68.53,0,0,2,10,90,60,100,50,80,80,0,93.54,553.54
260505,1742,Hereford,Petty Cash,Chase, ,Y,6,8.33,8,7,4,S,g,9,166, ,0,19,6,5,5,4,6,0,0,373,1,2,13.34,0,0,0,0,May,Hcap-Cha,Henry Daly,David Bass,36.05,43.93,0,254,20,70,60,100,33.33,50,60,0,33.33,406.66
260505,1742,Hereford,Edgewell,Chase, ,Y,6,5.33,7.5,7,4,S,g,8,148, ,0,13,3,4,2,5,5,0,0,463,2,2,3.33,0,0,0,0,May,Hcap-Cha,Nick Scholfield,Harry Reed,19.58,24.27,0,4,40,33.33,70,100,100,80,80,0,83.87,547.2
260505,1742,Hereford,The Gypsy Davey,Chase, ,Y,6,7.66,13,13,4,D,g,8,162, ,0,18,5,1,6,6,1,0,2,359,2,4,0,0,0,0,0,May,Hcap-Cha,Mrs C Williams,Mr B T Stone,17.94,39.45,7,254,85,60,33.33,33.33,100,33.33,100,0,109.67,469.66
260505,1807,Gowran Park,Moody,Turf, ,N,10,6.66,2.25,2.25,1,S,f,4,131,Y,2,11,3,3,4,3,99,0,0,524,4,3,47.33,0,0,0,0,May,Fil-Mare-Lis,P Twomey,W J Lee,62,49.57,0,1,0,100,33.33,33.33,33.33,100,100,125,33.33,558.32
260505,1807,Gowran Park,Floresta,Turf, ,N,10,6.66,3.25,3.25,1,S,f,4,131,Y,0.81,7,1,1,2,2,5,0,2,574,3,1,12.67,0,0,0,0,May,Fil-Mare-Lis,J P Murtagh,Ben Coen,48.6,33.98,0,5,20,90,70,100,33.33,100,100,81,33.33,607.66
260505,1807,Gowran Park,Snapretend,Turf, ,N,10,7,5.5,5,1,S,f,4,128,Y,0.81,10,2,2,1,4,6,0,1,584,4,1,10,0,0,0,0,May,Fil-Mare-Lis,Joseph Patrick O'Brien,Dylan Browne McMonagle,45.03,46.17,0,2,5,100,70,33.33,100,100,100,81,33.33,617.66
260505,1807,Gowran Park,Contorsion,Turf, ,N,10,11.66,10,10,1,S,f,4,128,Y,0,24,7,4,8,99,99,0,0,333,2,5,0,0,0,0,0,May,Fil-Mare-Lis,Joseph Patrick O'Brien,J M Sheridan,45.03,53.47,0,0,-20,33.33,33.33,33.33,33.33,100,100,0,33.33,366.65
260505,1807,Gowran Park,Nuit,Turf, ,N,10,10,19,19,1,U,f,4,128,Y,0.81,23,4,7,7,5,2,0,0,410,1,3,77.67,0,0,0,0,May,Fil-Mare-Lis,Henry De Bromhead,Ronan Whelan,35.02,45.14,0,2,-30,33.33,50,33.33,33.33,100,80,81,33.33,444.32
260505,1807,Gowran Park,Dippedinmoonlight,Turf, ,N,10,26.33,21,23,1,U,m,6,128,Y,0.81,23,4,7,5,1,1,0,2,477,2,2,36.67,0,0,0,0,May,Fil-Mare-Lis,Emmet Mullins,Gary Carroll,39.09,34.11,0,4,-30,33.33,100,100,33.33,50,80,81,89.47,567.13
260505,1807,Gowran Park,Tamam Desert,Turf, ,N,10,15.33,29,29,1,U,f,4,128,Y,0,37,10,10,10,9,4,0,0,293,0,5,0,0,0,0,0,May,Fil-Mare-Lis,M D O'Callaghan,J A Powell,8.16,20.14,0,11,-40,33.33,33.33,33.33,33.33,80,80,0,33.33,326.65
260505,1807,Gowran Park,Denim And Diamonds,Turf, ,N,10,10.66,29,29,1,U,f,4,128,Y,0.81,24,7,7,6,6,3,0,0,440,2,3,30,0,0,0,0,May,Fil-Mare-Lis,Joseph Patrick O'Brien,Declan McDonogh,45.03,45.65,0,7,-30,33.33,60,33.33,33.33,100,100,81,33.33,474.32
260505,1807,Gowran Park,Jannah Star,Turf, ,N,10,15,41,41,1,U,f,4,128,Y,2,23,4,4,3,7,8,0,0,561,3,2,36.67,0,0,0,0,May,Fil-Mare-Lis,Joseph Patrick O'Brien,Chris Hayes,45.03,47.85,0,4,-20,33.33,90,33.33,100,100,80,125,33.33,594.99
260505,1807,Gowran Park,Bay Colony,Turf, ,N,10,11.66,51,67,1,U,f,4,128,Y,0,26,9,4,8,8,7,0,0,333,2,5,40,0,0,0,0,May,Fil-Mare-Lis,J A Stack,Seamie Heffernan,35.95,39.17,0,4,-20,33.33,33.33,33.33,33.33,100,100,0,33.33,366.65
260505,1812,Hereford,Machete Beach,Hurdle, ,N,8,5,1.4,1.36,4,S,g,5,158, ,0,6,1,3,1,1,1,0,4,470,2,1,120.01,0,0,0,0,May,Mdn-Hdle,Jamie Snowden,Gavin Sheehan,66.71,48.93,0,3,-20,70,70,70,60,100,100,0,87.09,557.09
260505,1812,Hereford,The Craftymaster,Hurdle, ,N,8,7.33,7,7,4,U,g,6,158, ,0,10,2,2,2,99,99,0,0,349,2,4,0,0,0,0,0,May,Mdn-Hdle,Tony Carroll,Charlie Deutsch,35.09,39.05,0,6,-10,33.33,33.33,100,33.33,100,50,0,33.33,383.32
260505,1812,Hereford,Whatcombe,Hurdle, ,N,8,9,8.5,8,4,S,g,4,152, ,0,18,5,3,6,4,2,0,0,246,0,6,0,0,0,0,0,May,Mdn-Hdle,Faye Bramley,Richie McLernon,47.03,14.84,0,11,-20,33.33,33.33,33.33,33.33,80,33.33,0,33.33,279.98
260505,1812,Hereford,Backer Bilk,Hurdle, ,N,8,9.66,9,11,4,S,g,4,152, ,0,18,5,3,6,2,3,0,0,246,0,6,20,0,0,0,0,May,Mdn-Hdle,Graeme McPherson,Mr N Slatter,46.19,16,3,7,-20,33.33,33.33,33.33,33.33,80,33.33,0,33.33,279.98
260505,1812,Hereford,Noble Don,Hurdle, ,N,8,7.66,21,19,4,D,g,7,158, ,0,15,4,2,5,5,4,0,0,273,0,5,26.67,0,0,0,0,May,Mdn-Hdle,D J Jeffreys,Jonathan Burke,41.95,45.64,0,6,-10,33.33,33.33,33.33,33.33,60,80,0,33.33,306.65
260505,1812,Hereford,Delta Legend,Hurdle, ,N,8,8.66,34,29,4,U,g,6,158, ,0,19,7,7,4,99,99,0,0,323,1,5,50,0,0,0,0,May,Mdn-Hdle,Sarah-Jayne Davies,Charlie Price,87.55,68.61,0,11,-30,33.33,33.33,33.33,33.33,100,90,0,33.33,356.65
260505,1812,Hereford,Alex The Great,Hurdle, ,N,8,9,51,51,4,S,g,6,158, ,0,14,3,3,2,3,5,0,0,349,2,4,26.67,0,0,0,0,May,Mdn-Hdle,Tony Carroll,Miss Lilly Pinchin,35.09,35.87,0,9,-20,33.33,33.33,100,33.33,100,50,0,33.33,383.32
260505,1812,Hereford,Haderach,Hurdle, ,N,8,49.66,126,151,4,S,g,5,158, ,0,27,8,7,8,99,99,0,0,226,0,6,0,0,0,0,0,May,Mdn-Hdle,S G Allen,Mr D J McConville,0,48.15,7,254,-30,33.33,33.33,33.33,33.33,33.33,60,0,33.33,259.98
260505,1830,Wolverhampton,Street Dancer,A/W,T,Y,8,9,3.5,3.75,6,S,f,4,126, ,0.82,25,7,7,8,7,6,1,1,328,0,5,0,0,0,0,0,May,Hcap-App,Ollie Sangster,Ashley Lewis,46.87,21.03,0,5,-20,33.33,33.33,33.33,33.33,80,33.33,82,33.33,361.98
260505,1830,Wolverhampton,Bossy Parker,A/W,T,Y,8,5.33,4.33,4,6,S,g,6,130, ,1.3,4,1,1,1,1,1,2,5,558,3,1,2,0,0,0,0,May,Hcap-App,Stella Barclay,Mr Matthew Slater,0,23.14,5,4,50,60,60,100,100,80,33.33,125,103.22,661.55
260505,1830,Wolverhampton,Shielas Well,A/W,T,Y,8,7.33,3.5,4.33,6,S,f,4,131, ,1.04,19,4,6,4,4,7,3,0,450,2,2,34.34,0,0,0,0,May,Hcap-App,Ian Williams,Toby Moore,27.41,31.34,5,3,0,50,33.33,100,33.33,80,50,104,33.33,483.99
260505,1830,Wolverhampton,Prince Ali,A/W,T,Y,8,6.33,5.5,7,6,S,g,8,132, ,1.13,10,3,1,3,3,2,8,1,506,3,1,55.67,0,0,0,0,May,Hcap-App,T Faulkner,Miss Zoe Lewis,47.26,0,5,3,50,50,50,100,100,60,33.33,113,83.87,590.2
260505,1830,Wolverhampton,Angel's Call,A/W,T,Y,8,9.66,23,9.5,6,S,g,5,126, ,1.02,23,6,5,6,5,4,6,0,415,2,4,56,0,0,0,0,May,Hcap-App,Nikki Evans,A Egan,0,60.33,3,9,20,33.33,33.33,33.33,33.33,80,100,102,95.16,510.48
260505,1830,Wolverhampton,Al Baahy,A/W,T,Y,8,6,11,9.5,6,S,g,7,132, ,1.03,9,2,3,2,2,3,7,0,556,4,1,50,0,0,0,0,May,Hcap-App,K Frost,Mason Paetel,25.89,32.86,0,8,40,60,60,100,100,33.33,100,103,82.25,638.58
260505,1830,Wolverhampton,Devious Devan,A/W,T,Y,8,8.66,15,13,6,S,g,5,135, ,1.23,20,5,3,5,6,5,4,0,416,1,4,1,0,0,0,0,May,Hcap-App,William Muir,Jack Dace,13.61,19.33,0,14,40,33.33,33.33,33.33,33.33,80,80,123,33.33,449.65
260505,1830,Wolverhampton,Fumbleinthejungle,A/W,T,Y,8,17.66,41,51,6,S,g,6,126, ,1.06,31,8,8,7,8,8,5,0,359,1,4,30.67,0,0,0,0,May,Hcap-App,John David Riches,Mikkel Mortensen,37.03,53.61,0,8,-40,33.33,33.33,33.33,33.33,50,70,106,33.33,392.65
260505,1838,Gowran Park,Faiyum,Turf, ,N,9,5,1.57,1.57,1,S,f,4,134,Y,1.45,4,1,1,1,1,8,0,4,655,4,0,67.67,0,0,0,0,May,Fil-Mare-Lis,G M Lyons,Gary Carroll,45.92,34.11,0,3,70,100,70,100,100,80,80,125,33.33,688.33
260505,1838,Gowran Park,Sindria,Turf, ,N,9,8,7,6.5,1,U,f,4,131,Y,1.35,18,2,4,4,7,6,0,0,581,4,2,4.33,0,0,0,0,May,Fil-Mare-Lis,Joseph Patrick O'Brien,Dylan Browne McMonagle,45.03,46.17,0,1,-10,33.33,90,33.33,100,100,100,125,33.33,614.99
260505,1838,Gowran Park,Lemsairbat,Turf, ,N,9,9,9.5,9.5,1,S,m,5,131,Y,0.83,20,5,2,7,4,4,0,0,523,2,0,18,0,0,0,0,May,Fil-Mare-Lis,Joseph Patrick O'Brien,J M Sheridan,45.03,53.47,0,2,0,60,70,50,60,100,100,83,33.33,556.33
260505,1838,Gowran Park,Subsonic,Turf, ,N,9,11,9.5,9.5,1,U,f,4,131,Y,1.04,24,7,9,5,5,1,0,1,577,4,1,11,0,0,0,0,May,Fil-Mare-Lis,J P Murtagh,Ben Coen,48.6,33.98,0,1,-55,33.33,70,100,70,100,100,104,86.84,664.17
260505,1838,Gowran Park,She's A Nation,Turf, ,N,9,7,13,13,1,S,f,4,131,Y,0.45,19,3,3,8,6,9,0,0,505,2,1,47.68,0,0,0,0,May,Fil-Mare-Lis,Rory Devine,Luke McAteer,40.74,36.21,0,10,-5,50,70,100,100,60,80,45,33.33,538.33
260505,1838,Gowran Park,Abbey Actress,Turf, ,N,9,16.66,19,17,1,U,m,5,131,Y,0.93,20,5,6,3,2,3,0,0,586,4,1,4.67,0,0,0,0,May,Fil-Mare-Lis,J P Murtagh,Seamie Heffernan,48.6,39.17,0,2,-40,33.33,100,100,60,100,100,93,57.89,644.22
260505,1838,Gowran Park,Apercu,Turf, ,N,9,9,19,19,1,U,m,6,131,Y,1.14,19,3,5,2,8,5,0,0,587,3,1,1,0,0,0,0,May,Fil-Mare-Lis,Andrew Oliver,W J Lee,42.32,49.57,0,4,-35,33.33,90,100,70,80,100,114,33.33,620.66
260505,1838,Gowran Park,Lady Lilac,Turf, ,N,9,15,41,41,1,U,f,4,131,Y,0.93,25,8,8,6,3,2,0,0,566,1,1,43.33,0,0,0,0,May,Fil-Mare-Lis,Joseph G Murphy,Ronan Whelan,33.88,45.14,0,5,-50,33.33,90,100,90,80,80,93,69.73,636.06
260505,1838,Gowran Park,Um Wadi,Turf, ,N,9,10.33,51,51,1,U,m,5,131,Y,1.24,30,9,6,9,9,7,0,0,457,3,4,0,0,0,0,0,May,Fil-Mare-Lis,Joseph Patrick O'Brien,Declan McDonogh,45.03,45.65,0,8,-40,33.33,33.33,33.33,33.33,100,100,124,67.1,524.42
260505,1847,Hereford,Double Click,Hurdle, ,Y,7,6,2.63,2.38,4,S,g,8,160, ,0,12,2,4,3,3,5,0,0,463,3,2,10,0,0,0,0,May,Hcap-Hdle,Jamie Snowden,Miss Isabelle Ryder,66.71,27.73,5,1,40,70,60,100,100,100,33.33,0,33.33,496.66
260505,1847,Hereford,I Spy A Diva,Hurdle, ,Y,7,7.66,5,4,4,S,m,9,162, ,0,22,6,6,6,6,6,0,0,299,1,4,83.34,0,0,0,0,May,Hcap-Hdle,Kim Bailey,Ciaran Gethings,38.22,38.48,0,3,20,50,33.33,33.33,33.33,50,100,0,33.33,333.32
260505,1847,Hereford,Earth King,Hurdle, ,Y,7,6.66,6.5,5.5,4,D,g,10,161, ,0,16,4,3,4,4,3,0,0,453,1,2,30,0,0,0,0,May,Hcap-Hdle,Neil Mulholland,Mr Jack Tudor,27.1,33.89,0,4,90,70,90,100,33.33,80,80,0,33.33,486.66
260505,1847,Hereford,Musique De Fee,Hurdle, ,Y,7,4.66,13,9,4,D,m,7,162, ,0,4,1,1,1,1,1,0,5,473,3,2,3.33,0,0,0,0,May,Hcap-Hdle,Mickey Bowen,Joshua Bryan,47.56,0,0,10,150,100,60,100,100,80,33.33,0,95.16,568.49
260505,1847,Hereford,Queens Venture,Hurdle, ,Y,7,4.66,17,10,4,D,m,6,161, ,0,12,2,2,2,5,2,0,0,470,1,1,6.67,0,0,0,0,May,Hcap-Hdle,D P Summersby,Mr Bryan Carver,64.92,69.18,0,254,130,70,50,100,80,90,80,0,33.33,503.33
260505,1847,Hereford,Chavez,Hurdle, ,Y,7,13.33,17,13,4,D,g,10,160, ,0,23,7,7,7,99,99,0,0,216,0,6,0,0,0,0,0,May,Hcap-Hdle,Venetia Williams,Charlie Deutsch,1.1,39.05,0,6,-30,33.33,33.33,33.33,33.33,33.33,50,0,33.33,249.98
260505,1900,Wolverhampton,Bintaziza,A/W,T,N,7,4.33,1.8,1.57,5,S,f,3,133, ,1.23,5,1,2,1,1,99,2,3,589,5,2,56.66,0,0,0,0,May,Nov-Fil,Roger Varian,Ray Dawson,49.17,28.79,0,1,0,100,33.33,100,33.33,100,100,123,33.33,622.99
260505,1900,Wolverhampton,Wosta,A/W,T,N,7,5.66,4,4.5,5,S,f,3,126, ,0.82,13,3,3,5,99,99,1,1,415,2,4,18,0,0,0,0,May,Nov-Fil,John Gosden,Oisin Murphy,53.76,46.26,0,0,-10,33.33,33.33,33.33,33.33,100,100,82,33.33,448.65
260505,1900,Wolverhampton,Guesstimate,A/W,T,N,7,5.33,6.5,6.5,5,D,f,3,126, ,1.03,8,2,1,2,2,4,3,1,533,2,0,14.67,0,0,0,0,May,Nov-Fil,William Haggas,Tom Marquand,46.81,37.93,0,10,10,100,60,60,50,80,80,103,33.33,566.33
260505,1900,Wolverhampton,Romance Spirit,A/W,T,N,7,6.33,6.5,7.5,5,D,f,3,128, ,1.3,14,4,4,3,3,1,5,1,518,1,1,99.01,0,0,0,0,May,Nov-Fil,Marco Botti,Marco Ghiani,33.15,30.04,0,4,-20,33.33,70,70,60,80,80,125,87.5,605.83
260505,1900,Wolverhampton,Midnight Media,A/W,T,N,7,9.33,51,51,5,D,f,3,124, ,1.04,20,5,5,6,4,3,6,0,397,1,4,48.67,0,0,0,0,May,Nov-Fil,William Muir,Lewis Edmunds,13.61,23.61,0,9,-30,33.33,33.33,33.33,33.33,80,80,104,33.33,430.65
260505,1900,Wolverhampton,Symphony's Song,A/W,T,N,7,11.33,41,51,5,S,f,4,142, ,1.06,22,6,7,4,5,5,4,0,419,2,4,4,0,0,0,0,May,Nov-Fil,Ian Williams,Edward Greatrex,27.41,48.77,0,4,-40,33.33,33.33,33.33,33.33,80,100,106,33.33,452.65
260505,1900,Wolverhampton,Golden Mabel,A/W,T,N,7,30.66,126,151,5,D,f,3,124, ,1.02,25,7,5,7,6,2,7,0,348,1,5,0,0,0,0,0,May,Nov-Fil,Lisa Williamson,Jack Dace,18.57,19.33,5,8,-30,33.33,33.33,33.33,33.33,33.33,80,102,56.25,404.9
260505,1908,Gowran Park,Vauntingly,Turf, ,N,10,8.66,3.5,3.5,5,S,f,3,128,Y,1.35,13,3,3,1,99,99,0,1,458,3,4,20,0,0,0,0,May,Mdn-Fil,Joseph Patrick O'Brien,Dylan Browne McMonagle,45.03,46.17,0,0,-20,33.33,33.33,33.33,33.33,100,100,125,33.33,491.65
260505,1908,Gowran Park,Dark Lucinda,Turf, ,N,10,7,3.5,3.75,5,S,f,3,128,Y,1.04,11,1,2,3,99,99,0,1,437,3,4,11,0,0,0,0,May,Mdn-Fil,P Twomey,W J Lee,62,49.57,0,0,-10,33.33,33.33,33.33,33.33,100,100,104,33.33,470.65
260505,1908,Gowran Park,Almeiyda,Turf, ,N,10,8.33,6,6,5,S,f,3,128,Y,1.52,11,1,3,5,1,1,0,3,418,1,4,11,0,0,0,0,May,Mdn-Fil,D K Weld,Chris Hayes,57.07,47.85,0,4,-20,33.33,33.33,33.33,33.33,80,80,125,84.37,502.69
260505,1908,Gowran Park,Shanala,Turf, ,N,10,8.33,6,6,5,S,f,3,128,Y,0.93,14,4,2,4,99,99,0,0,426,2,4,8,0,0,0,0,May,Mdn-Fil,J P Murtagh,Ben Coen,48.6,33.98,0,0,-10,33.33,33.33,33.33,33.33,100,100,93,33.33,459.65
260505,1908,Gowran Park,Mathoura,Turf, ,N,10,14.33,6.5,6,5,S,f,3,128,Y,1.45,19,5,3,2,99,99,0,0,438,2,4,1,0,0,0,0,May,Mdn-Fil,Mrs John Harrington,Shane Foley,36.32,50.53,0,0,-20,33.33,33.33,33.33,33.33,80,100,125,33.33,471.65
260505,1908,Gowran Park,Spring Sprinter,Turf, ,N,10,11,12,13,5,S,f,3,128,Y,0.83,21,6,3,8,99,99,0,0,376,0,4,16.67,0,0,0,0,May,Mdn-Fil,Andrew Slattery,Andrew Slattery,33.43,26.89,0,0,-20,33.33,33.33,33.33,33.33,80,80,83,33.33,409.65
260505,1908,Gowran Park,Jolie Cailin,Turf, ,N,10,13.66,19,21,5,S,f,3,128,Y,1.14,22,7,3,6,99,99,0,0,407,2,4,16.67,0,0,0,0,May,Mdn-Fil,Ross O'Sullivan,Donagh O'Connor,47.72,31.59,0,0,-20,33.33,33.33,33.33,33.33,60,100,114,33.33,440.65
260505,1908,Gowran Park,Pure Valour,Turf, ,N,10,11.33,51,51,5,S,f,4,142,Y,0.93,22,7,3,9,4,3,0,0,359,1,5,114.67,0,0,0,0,May,Mdn-Fil,J G Coogan,Declan McDonogh,0,45.65,0,7,-20,33.33,33.33,33.33,33.33,33.33,100,93,33.33,392.98
260505,1908,Gowran Park,Grennanstown Lady,Turf, ,N,10,23.66,81,101,5,S,m,5,142,Y,0.45,26,9,3,10,3,99,0,0,244,0,7,0,0,0,0,0,May,Mdn-Fil,Gerard Keane,J Kearney,25.78,24.82,3,12,-20,33.33,33.33,33.33,33.33,33.33,33.33,45,33.33,278.31
260505,1908,Gowran Park,Venerini,Turf, ,N,10,12.66,101,101,5,S,f,3,128,Y,1.24,26,9,10,7,2,2,0,0,390,2,5,14.33,0,0,0,0,May,Mdn-Fil,Michael Butler,Hugh Horgan,88.28,17.39,5,10,-30,33.33,33.33,33.33,33.33,100,33.33,124,67.18,457.83
260505,1917,Hereford,Cluain Chormaic,Hurdle, ,Y,7,8.33,3.25,3.25,4,S,g,5,161, ,0,12,3,5,1,1,6,0,2,473,1,2,10,0,0,0,0,May,Hcap-Hdle,Karen Jewell,Tom Cannon,18.37,32.73,0,3,30,90,90,100,33.33,80,80,0,91.93,565.26
260505,1917,Hereford,Oakley,Hurdle, ,Y,7,9.33,5.5,5,4,S,g,8,154, ,0,22,6,6,4,6,4,0,0,443,3,2,90,0,0,0,0,May,Hcap-Hdle,Mrs C Williams,Mr B T Stone,17.94,39.45,7,4,20,50,60,100,100,33.33,100,0,93.54,536.87
260505,1917,Hereford,Mount Anglesby,Hurdle, ,Y,7,5,4.5,5,4,D,g,7,168, ,0,9,2,2,3,2,2,0,0,453,2,2,10,0,0,0,0,May,Hcap-Hdle,Alastair Ralph,Tom Broughton,47.52,18.7,5,4,140,90,70,100,60,100,33.33,0,87.09,540.42
260505,1917,Hereford,Donnie Azoff,Hurdle, ,Y,7,4.33,7,6.5,4,D,g,10,167, ,0,8,1,1,2,4,1,0,3,463,3,2,10,0,0,0,0,May,Hcap-Hdle,Jamie Snowden,Miss Isabelle Ryder,66.71,27.73,5,5,155,70,60,100,100,100,33.33,0,95.16,558.49
260505,1917,Hereford,American Sniper,Hurdle, ,Y,7,6.33,6,7,4,D,g,8,168, ,0,14,4,3,5,3,3,0,0,353,1,3,30.01,0,0,0,0,May,Hcap-Hdle,David Pipe,Mr Jack Tudor,26.73,33.89,0,4,135,100,50,50,40,33.33,80,0,82.25,435.58
260505,1917,Hereford,Pike Road,Hurdle, ,Y,7,8.33,8.5,7.5,4,S,g,7,162, ,0,20,5,4,7,5,5,0,0,306,0,3,0,0,0,0,0,May,Hcap-Hdle,Martin Keighley,Mr Freddie Keighley,52.37,0,5,6,50,60,50,50,33.33,80,33.33,0,33.33,339.99
260505,1917,Hereford,Individualiste,Hurdle, ,Y,7,12.33,41,26,4,S,g,8,156, ,0,23,7,7,6,99,99,0,0,323,1,5,16.66,0,0,0,0,May,Hcap-Hdle,Benjamin Lund,Miss Alice Stevens,0,60.48,3,254,-20,33.33,33.33,100,33.33,33.33,90,0,33.33,356.65
260505,1930,Wolverhampton,Tinsel,A/W,T,Y,4,3.66,2.25,2.25,5,U,c,3,129, ,1.03,9,3,3,1,2,3,3,1,606,4,1,20.33,0,0,0,0,May,Hcap,Hughie Morrison,Tom Marquand,36.27,37.93,0,1,-20,33.33,90,100,100,100,80,103,90.62,696.95
260505,1930,Wolverhampton,Lexington Express,A/W,T,Y,4,2.66,4,3.75,5,U,f,3,132, ,1.06,8,1,2,2,3,1,1,3,586,3,0,14,0,0,0,0,May,Hcap,Marco Botti,Marco Ghiani,33.15,30.04,0,1,-10,50,70,100,100,80,80,106,90.62,676.62
260505,1930,Wolverhampton,Zipwire,A/W,T,Y,4,3.33,4.33,4.33,5,S,g,3,135, ,0.82,8,1,2,3,1,2,4,2,572,2,0,86.67,0,0,0,0,May,Hcap,J S Moore,Taylor Fisher,19.89,33.13,0,2,0,70,90,100,100,80,50,82,89.06,661.06
260505,1930,Wolverhampton,Mimi's Magic,A/W,T,Y,4,4.66,5.5,6,5,S,f,3,133, ,1.02,15,4,3,4,4,4,2,0,485,2,2,0,0,0,0,0,May,Hcap,Ed Dunlop,Rossa Ryan,26.15,41.83,0,3,-20,70,60,33.33,40,100,80,102,79.68,565.01
260505,1938,Gowran Park,Beau Army,Turf, ,Y,14,13,3.75,3.75,6,S,f,3,127,Y,0.9,21,6,4,3,8,7,0,0,403,1,4,5.33,0,0,0,0,May,Hcap-App,Adrian McGuinness,Reese Holohan,47.54,29.41,7,2,-20,33.33,33.33,33.33,33.33,100,80,90,33.33,436.65
260505,1938,Gowran Park,Aurora Mist,Turf, ,Y,14,9.66,7,7,6,S,f,3,136,Y,1.35,12,1,2,2,7,9,0,1,408,1,4,5,0,0,0,0,May,Hcap-App,Andrew Slattery,Orla Tynan,33.43,59.18,7,7,-10,33.33,33.33,33.33,33.33,80,70,125,33.33,441.65
260505,1938,Gowran Park,Cause I Like You,Turf, ,Y,14,13.66,7.5,7.5,6,S,f,3,126,Y,0.75,28,7,4,7,10,99,0,0,368,0,4,4.33,0,0,0,0,May,Hcap-App,M Mulvany,Wesley Joyce,39.14,34.66,0,4,-20,33.33,33.33,33.33,33.33,80,80,75,33.33,401.65
260505,1938,Gowran Park,Believe Believe,Turf, ,Y,14,10.33,8,8.5,6,D,g,3,135,Y,1.43,13,2,4,1,5,3,0,1,438,2,4,30,0,0,0,0,May,Hcap-App,M D O'Callaghan,S Coen,8.16,47.25,2,8,-20,33.33,33.33,33.33,33.33,80,100,125,19.67,457.99
260505,1938,Gowran Park,He's Holding Court,Turf, ,Y,14,12,10,9,6,S,f,3,125,Y,0.73,16,3,4,6,1,6,0,1,372,0,3,4.67,0,0,0,0,May,Hcap-App,Andrew Slattery,J S Dalton,33.43,22.68,7,7,-20,60,33.33,60,33.33,80,33.33,73,33.33,406.32
260505,1938,Gowran Park,Iryna's Star,Turf, ,Y,14,10.33,10,9.5,6,S,f,3,119,Y,0.9,20,5,2,11,6,99,0,0,353,0,4,1.67,0,0,0,0,May,Hcap-App,M Mulvany,Jack Cleary,39.14,34.35,0,5,-10,33.33,33.33,33.33,33.33,80,50,90,33.33,386.65
260505,1938,Gowran Park,Femme Beauty,Turf, ,Y,14,11,9.5,10,6,D,f,3,138,Y,0.94,18,4,2,9,3,1,0,1,363,0,3,4.34,0,0,0,0,May,Hcap-App,K J Condon,M Popan,23.48,0,7,3,-10,33.33,50,50,70,33.33,33.33,94,90.16,454.15
260505,1938,Gowran Park,Neon Eyes,Turf, ,Y,14,17,13,13,6,D,f,3,136,Y,1.35,30,8,9,5,99,99,0,0,391,2,5,18.66,0,0,0,0,May,Hcap-App,Gavin Cromwell,J Kearney,35.21,24.82,0,10,-30,33.33,33.33,33.33,33.33,100,33.33,125,33.33,424.98
260505,1938,Gowran Park,Honey Dale,Turf, ,Y,14,43,15,15,6,S,f,3,124,Y,0.98,31,9,13,4,2,4,0,0,397,0,3,6.34,0,0,0,0,May,Hcap-App,Paul Mulligan,R M Mulligan,24.67,49.18,2,5,-40,60,33.33,33.33,60,33.33,80,98,33.33,431.32
260505,1938,Gowran Park,Ramair,Turf, ,Y,14,32,17,17,6,S,c,3,126,Y,1.31,46,14,9,14,12,10,0,0,324,1,6,0,0,0,0,0,May,Hcap-App,Richard Anthony Foley,J Pietropaolo,0,16.46,4,6,-30,33.33,33.33,33.33,33.33,33.33,33.33,125,22.95,347.93
260505,1938,Gowran Park,No Bother Aoife,Turf, ,Y,14,342.66,17,17,6,D,f,3,134,Y,0.76,42,12,9,13,99,99,0,0,342,1,5,17.67,0,0,0,0,May,Hcap-App,Gavin Cromwell,Hugh Horgan,35.21,17.39,2,6,-30,33.33,33.33,33.33,33.33,100,33.33,76,33.33,375.98
260505,1938,Gowran Park,Millhone,Turf, ,Y,14,343.33,26,26,6,D,f,3,132,Y,1.35,42,12,13,12,4,2,0,0,351,1,5,9,0,0,0,0,May,Hcap-App,Charles Weld,P McGettigan,0,40.17,2,11,-40,33.33,33.33,33.33,33.33,33.33,60,125,70.49,422.14
260505,1938,Gowran Park,Ochtar Againn,Turf, ,Y,14,18.66,29,34,6,D,f,3,134,Y,0.55,32,10,4,7,11,7,0,0,368,1,4,0,0,0,0,0,May,Hcap-App,M J Byrne,Paddy Harnett,86.21,57.83,0,21,-20,33.33,33.33,33.33,33.33,100,80,55,33.33,401.65
260505,1938,Gowran Park,Tenacious,Turf, ,Y,14,15.66,41,41,6,D,f,3,137,Y,1.13,36,11,9,10,9,5,0,0,359,1,5,6.33,0,0,0,0,May,Hcap-App,Mrs John Harrington,K G Kennedy,36.32,19.95,0,9,-30,33.33,33.33,33.33,33.33,80,33.33,113,33.33,392.98
260505,1947,Hereford,Ettore,Hurdle, ,Y,6,4.66,3,3,4,S,g,4,159, ,0,15,4,3,5,5,6,0,0,316,0,3,116.68,0,0,0,0,May,Hcap-Nov-Hdle,Nicky Henderson,Nico de Boinville,49.14,41.98,0,7,0,50,60,33.33,33.33,80,60,0,33.33,349.99
260505,1947,Hereford,American Empire,Hurdle, ,Y,6,4,2.88,3.25,4,S,g,6,166, ,0,8,1,3,1,3,5,0,2,416,2,3,20,0,0,0,0,May,Hcap-Nov-Hdle,Donald McCain,Mr Theo Gillard,25.14,8.55,0,3,0,60,33.33,100,90,100,33.33,0,33.33,449.99
260505,1947,Hereford,Tao Enki,Hurdle, ,Y,6,12.33,5.5,4.5,4,S,g,6,167, ,0,16,5,5,3,2,2,0,0,393,2,2,66.67,0,0,0,0,May,Hcap-Nov-Hdle,Alastair Ralph,Ciaran Gethings,47.52,38.48,0,7,-10,50,60,50,33.33,100,100,0,93.54,486.87
260505,1947,Hereford,Southey,Hurdle, ,Y,6,7.66,6,7.5,4,S,g,6,164, ,0,11,3,2,4,1,3,0,1,326,0,3,10,0,0,0,0,May,Hcap-Nov-Hdle,Ella Pickard,Benjamin Godfrey,0,30.94,0,2,10,60,60,90,33.33,33.33,50,0,33.33,359.99
260505,1947,Hereford,Not So Sobers,Hurdle, ,Y,6,5,11,9,4,U,g,7,168, ,0,10,2,1,2,4,1,0,2,396,1,3,3.33,0,0,0,0,May,Hcap-Nov-Hdle,Graeme McPherson,David Bass,46.19,43.93,0,10,20,33.33,33.33,100,90,80,60,0,48.38,445.04
260505,1947,Hereford,Triple Haych,Hurdle, ,Y,6,13.66,41,41,4,U,g,7,147, ,0,23,6,6,6,6,4,0,0,199,0,7,0,0,0,0,0,May,Hcap-Nov-Hdle,Sheila Lewis,Sean Houlihan,23.87,19.49,0,8,-40,33.33,33.33,33.33,33.33,33.33,33.33,0,33.33,233.31
260505,2000,Wolverhampton,Apex Star,A/W,T,Y,12,11.66,4.5,4.5,6,S,g,3,134, ,0.93,23,4,2,10,4,1,8,1,356,0,4,3,0,0,0,0,May,Hcap,William Knight,Marco Ghiani,30.38,30.04,0,3,-20,33.33,33.33,33.33,33.33,50,80,93,93.54,449.86
260505,2000,Wolverhampton,Amber Hamur,A/W,T,Y,12,10.33,4.5,5,6,S,f,3,133, ,1.1,13,2,6,2,1,2,1,2,443,3,4,24,0,0,0,0,May,Hcap,George Boughey,Mr Jack Callan,45.48,32.94,3,4,-30,33.33,33.33,33.33,33.33,100,100,110,91.93,535.25
260505,2000,Wolverhampton,Amazing Anita,A/W,T,Y,12,8.33,7.5,7.5,6,S,f,3,132, ,0.93,18,3,2,9,6,5,10,0,359,1,5,3.33,0,0,0,0,May,Hcap,James Fanshawe,Ross Coakley,53.24,8.6,0,9,-10,33.33,33.33,33.33,33.33,100,33.33,93,77.41,437.06
260505,2000,Wolverhampton,Musical Soldier,A/W,T,Y,12,12.33,7,7.5,6,S,g,3,125, ,0.99,26,6,9,4,7,9,2,0,412,1,4,1,0,0,0,0,May,Hcap,Ollie Sangster,Hollie Doyle,46.87,35.57,0,7,-40,33.33,33.33,33.33,33.33,80,100,99,33.33,445.65
260505,2000,Wolverhampton,Poetic Grace,A/W,T,Y,12,12,13,8.5,6,S,f,3,121, ,0.97,27,7,2,6,11,10,6,0,410,1,4,18.67,0,0,0,0,May,Hcap,Conrad Allen,C Planas,30.21,37.83,3,4,-20,33.33,33.33,33.33,33.33,100,80,97,33.33,443.65
260505,2000,Wolverhampton,Castlekeely,A/W,T,Y,12,16.33,15,8.5,6,D,g,3,131, ,1.06,28,8,6,3,9,12,4,0,419,2,4,7,0,0,0,0,May,Hcap,James Owen,William Carson,52.5,37.81,0,8,-30,33.33,33.33,33.33,33.33,80,100,106,33.33,452.65
260505,2000,Wolverhampton,Power Of Chora,A/W,T,Y,12,18,8,10,6,S,f,3,133, ,0.85,33,11,6,12,3,3,12,0,284,0,6,0,0,0,0,0,May,Hcap,Joey Ramsden,Mr Andrea Pinna,28.31,0,7,6,-30,33.33,33.33,33.33,33.33,33.33,33.33,85,75.8,360.78
260505,2000,Wolverhampton,Bear Steps,A/W,T,Y,12,10.33,12,13,6,D,f,3,131, ,0.6,24,5,2,11,8,8,7,0,353,0,4,68.34,0,0,0,0,May,Hcap,Jack Jones,Rossa Ryan,34.61,41.83,0,6,-20,33.33,33.33,33.33,33.33,80,80,60,54.83,408.15
260505,2000,Wolverhampton,Evolve,A/W,T,Y,12,9.33,15,15,6,D,g,3,135, ,1.2,7,1,2,1,2,11,3,2,449,2,3,6.67,0,0,0,0,May,Hcap,Richard Fahey,Shane Gray,31.33,22.57,0,7,-20,33.33,33.33,50,33.33,80,100,120,33.33,483.32
260505,2000,Wolverhampton,Pink Diamond Girl,A/W,T,Y,12,15.33,15,17,6,S,f,3,130, ,1.3,30,9,9,7,5,4,5,0,391,2,5,0.33,0,0,0,0,May,Hcap,Keiran Burke,Ray Dawson,2.23,28.79,0,7,-40,33.33,33.33,33.33,33.33,33.33,100,125,83.87,475.52
260505,2000,Wolverhampton,East India Breeze,A/W,T,Y,12,13.33,15,17,6,S,g,3,121, ,0.78,32,10,12,5,10,6,9,0,411,2,4,1,0,0,0,0,May,Hcap,Jamie Osborne,Saffie Osborne,41.83,47.23,0,9,-50,33.33,33.33,33.33,33.33,100,100,78,70.96,482.28
260505,2000,Wolverhampton,Amakhala,A/W,T,Y,12,17,41,51,6,S,g,3,121, ,0.98,39,12,9,8,12,7,11,0,391,0,4,31.67,0,0,0,0,May,Hcap,Mark Usher,Tyler Heard,20.68,14.4,0,16,-40,33.33,33.33,33.33,33.33,80,80,98,51.61,442.93
260505,2008,Gowran Park,Majestic King,Turf, ,Y,16,15.66,6,3.75,6,S,g,5,139,Y,1.43,21,4,13,1,2,11,0,1,608,4,1,38.33,0,0,0,0,May,Hcap,Denis Gerard Hogan,J M Sheridan,18.11,53.47,0,2,-10,100,70,33.33,100,80,100,125,33.33,641.66
260505,2008,Gowran Park,Kitty Bear,Turf, ,Y,16,10,6.5,6.5,6,S,f,4,141,Y,0.9,10,1,4,2,3,9,0,1,570,2,0,5,0,0,0,0,May,Hcap,Andrew Slattery,Orla Tynan,33.43,59.18,7,1,20,60,70,100,100,80,70,90,33.33,603.33
260505,2008,Gowran Park,Famous Enough,Turf, ,Y,16,18.66,6.5,8.5,6,S,g,6,136,Y,1.35,32,8,13,3,6,3,0,0,565,3,0,43.67,0,0,0,0,May,Hcap,Patrick T Foley,Ben Coen,34.75,33.98,0,2,-10,60,70,100,60,50,100,125,96.72,661.72
260505,2008,Gowran Park,Ballymagreehan,Turf, ,Y,16,21,9,9.5,6,S,g,4,138,Y,0.94,52,15,15,12,16,16,0,0,453,1,3,27.99,0,0,0,0,May,Hcap,David Marnane,Luke McAteer,50.92,36.21,0,6,-30,33.33,33.33,100,33.33,80,80,94,33.33,487.32
260505,2008,Gowran Park,Shahada Ace,Turf, ,Y,16,16,9,9.5,6,S,f,4,140,Y,0.9,34,9,8,9,11,15,0,0,476,1,2,5.33,0,0,0,0,May,Hcap,Andrew Slattery,Andrew Slattery,33.43,26.89,0,9,0,60,33.33,100,33.33,80,80,90,33.33,509.99
260505,2008,Gowran Park,Hale Bopp,Turf, ,Y,16,16,10,10,6,S,g,8,122,Y,0.76,39,11,12,13,10,6,0,0,426,0,0,43.01,0,0,0,0,May,Hcap,R Donohoe,Chris Hayes,31.69,47.85,0,6,-5,50,50,50,70,50,80,76,80.32,506.32
260505,2008,Gowran Park,Staywitherjohnny,Turf, ,Y,16,28.66,11,12,6,D,f,4,139,Y,1.35,49,13,8,11,15,7,0,0,454,2,3,1,0,0,0,0,May,Hcap,Ciaran Murphy,Dylan Browne McMonagle,29.33,46.17,0,6,0,33.33,33.33,33.33,50,80,100,125,75.4,530.39
260505,2008,Gowran Park,Can I Kiss You,Turf, ,Y,16,29.66,13,13,6,S,f,4,133,Y,0.75,57,16,15,15,13,12,0,0,374,1,3,3.34,0,0,0,0,May,Hcap,James M Barrett,Seamie Heffernan,0,39.17,0,8,-30,33.33,33.33,50,50,33.33,100,75,33.33,408.32
260505,2008,Gowran Park,Verhoyen,Turf, ,Y,16,10,9.5,13,6,D,g,11,142,Y,0.73,16,3,1,8,5,1,0,2,496,2,1,19.67,0,0,0,0,May,Hcap,M C Grassick,W J Lee,11.29,49.57,0,11,120,100,50,60,33.33,80,100,73,96.72,593.05
260505,2008,Gowran Park,Thegooseiscooked,Turf, ,Y,16,16.33,15,13,6,D,m,9,137,Y,1.31,23,5,8,6,1,10,0,1,511,2,2,3.33,0,0,0,0,May,Hcap,Gerard Keane,J Kearney,25.78,24.82,3,250,0,90,70,60,100,33.33,33.33,125,33.33,544.99
260505,2008,Gowran Park,Skib Gold,Turf, ,Y,16,14.66,13,15,6,S,g,5,140,Y,0.68,27,6,5,4,12,13,0,0,521,2,1,5,0,0,0,0,May,Hcap,M J Byrne,Paddy Harnett,86.21,57.83,5,8,10,70,70,33.33,100,100,80,68,33.33,554.66
260505,2008,Gowran Park,Hell Left Loose,Turf, ,Y,16,12.66,15,19,6,S,g,10,129,Y,0.73,14,2,2,5,4,2,0,0,516,2,1,4.67,0,0,0,0,May,Hcap,Denis Gerard Hogan,Mel Sheridan,18.11,12.83,10,6,50,60,70,100,100,80,33.33,73,91.8,608.13
260505,2008,Gowran Park,Young Churchill,Turf, ,Y,16,22.33,26,29,6,D,g,5,142,Y,0.55,31,7,3,7,9,14,0,0,508,3,1,12,0,0,0,0,May,Hcap,Richard John O'Brien,Shane Foley,34.11,50.53,0,10,30,100,70,33.33,100,50,100,55,33.33,541.66
260505,2008,Gowran Park,Carvalhal,Turf, ,Y,16,24.66,26,34,6,D,g,5,131,Y,0.98,37,10,6,10,8,4,0,0,471,0,1,16.34,0,0,0,0,May,Hcap,R P Burns,Ms N Burns,10.87,32.69,5,10,5,60,60,50,90,33.33,80,98,88.52,559.85
260505,2008,Gowran Park,Half Nutz,Turf, ,Y,16,33.33,41,41,6,S,g,9,122,Y,1.13,43,12,6,14,7,5,0,0,382,1,3,8,0,0,0,0,May,Hcap,James M Barcoe,E E Ryan,9.61,11.53,10,8,5,50,50,70,33.33,33.33,33.33,113,91.8,474.79
260505,2008,Gowran Park,Bang Po,Turf, ,Y,16,22,51,51,6,S,g,6,122,Y,1.35,49,13,8,16,14,8,0,0,371,1,5,0,0,0,0,0,May,Hcap,Liam McAteer,Wesley Joyce,1.23,34.66,3,9,0,33.33,33.33,33.33,33.33,33.33,80,125,83.6,455.25
260505,2017,Hereford,Kally Des Bruyeres,Chase, ,Y,9,6,4,3.75,5,S,g,6,161, ,0,11,3,1,4,4,1,0,2,426,2,3,103.34,0,0,0,0,May,Hcap-Cha,David Dennis,Mr Charlie Maggs,28.48,39.92,3,1,90,70,33.33,100,90,33.33,100,0,110.34,537
260505,2017,Hereford,Away For The Night,Chase, ,Y,9,5.66,4,4,5,S,g,7,168, ,0,8,2,3,1,1,4,0,2,550,3,1,36.67,0,0,0,0,May,Hcap-Cha,Alex Hales,Mr Bryan Carver,60.89,69.18,0,1,45,100,100,100,90,80,80,0,56.89,606.89
260505,2017,Hereford,Danny's Friend,Chase, ,Y,9,10.66,5.5,6,5,S,g,7,152, ,0,17,4,6,3,3,2,0,0,510,2,1,83.34,0,0,0,0,May,Hcap-Cha,Christian Williams,Mr Jack Tudor,38.48,33.89,0,5,-20,90,60,100,100,80,80,0,93.1,603.1
260505,2017,Hereford,Daany,Chase, ,Y,9,5.66,6.5,6.5,5,S,g,9,153, ,0,7,1,2,2,2,3,0,1,513,3,2,3.33,0,0,0,0,May,Hcap-Cha,J Tickle,Gavin Sheehan,72.22,48.93,0,2,50,90,90,100,33.33,100,100,0,117.24,630.57
260505,2017,Hereford,Mi Sueno,Chase, ,Y,9,11.66,7,7,5,S,g,7,148, ,0,23,6,6,9,99,99,0,0,216,0,6,0,0,0,0,0,May,Hcap-Cha,David Brace,Mr Liam Harrison,39.5,5.42,0,2,-20,33.33,33.33,33.33,33.33,50,33.33,0,33.33,249.98
260505,2017,Hereford,Prairie Queen,Chase, ,Y,9,12.33,8.5,8.5,5,S,m,6,145, ,0,22,5,5,5,5,99,0,0,323,1,5,0,0,0,0,0,May,Hcap-Cha,Sue Gardner,Sean Houlihan,73.46,19.49,0,3,-10,90,33.33,33.33,33.33,100,33.33,0,33.33,356.65
260505,2017,Hereford,O'Grady's Hill,Chase, ,Y,9,12.66,26,21,5,S,m,7,145, ,0,26,7,6,5,7,5,0,0,323,1,5,30,0,0,0,0,May,Hcap-Cha,Sarah-Jayne Davies,Charlie Price,87.55,68.61,0,5,-20,33.33,33.33,33.33,33.33,100,90,0,84.48,407.8
260505,2017,Hereford,Fox Wallace,Chase, ,Y,9,12.33,23,26,5,S,m,8,146, ,0,27,8,4,8,6,6,0,0,283,1,5,66.67,0,0,0,0,May,Hcap-Cha,Ella Pickard,Benjamin Godfrey,0,30.94,0,254,10,33.33,33.33,100,33.33,33.33,50,0,33.33,316.65
260505,2017,Hereford,Kill The Groove,Chase, ,Y,9,13.66,23,26,5,S,m,6,163, ,0,30,9,9,7,8,7,0,0,293,0,5,10,0,0,0,0,May,Hcap-Cha,Karen Jewell,Tom Cannon,18.37,32.73,0,5,-30,33.33,33.33,33.33,33.33,80,80,0,33.33,326.65
260505,2030,Wolverhampton,Tomarlo,A/W,T,Y,8,8.33,3.75,4.33,6,D,g,4,134, ,0.83,17,4,4,4,4,4,3,0,496,1,1,1,0,0,0,0,May,Hcap,Ollie Sangster,S D Bowen,46.87,21.64,0,10,20,90,60,50,33.33,80,100,83,83.87,580.2
260505,2030,Wolverhampton,Kento,A/W,T,Y,8,5.33,4,4.33,6,S,g,5,133, ,1.28,5,1,2,1,1,4,1,4,635,4,0,70.67,0,0,0,0,May,Hcap,Tony Carroll,Rossa Ryan,35.09,41.83,0,3,50,70,60,100,100,100,80,125,87.09,722.09
260505,2030,Wolverhampton,Colors Of Freedom,A/W,T,Y,8,5.66,7,6.5,6,S,m,6,127, ,0.77,11,2,1,3,5,1,8,2,547,3,0,50.67,0,0,0,0,May,Hcap,Joe Ponting,Hollie Doyle,32.95,35.57,0,4,100,60,60,100,100,50,100,77,100,647
260505,2030,Wolverhampton,Black Cab,A/W,T,Y,8,8.66,7,7,6,S,g,5,129, ,1.07,25,7,7,6,8,6,1,1,473,3,2,12,0,0,0,0,May,Hcap,Alison Hamilton,Saffie Osborne,19.9,47.23,0,3,0,50,50,33.33,100,33.33,100,107,93.54,567.2
260505,2030,Wolverhampton,Trust Sergei,A/W,T,Y,8,10.66,9,7,6,S,g,4,134, ,1.21,19,5,6,2,3,3,5,0,564,4,1,17.33,0,0,0,0,May,Hcap,Gary Hanmer,Jonny Peate,42.36,29.05,0,6,10,60,50,100,100,100,33.33,121,96.77,661.1
260505,2030,Wolverhampton,Lismacbryan Hill,A/W,T,Y,8,7.33,8,9,6,S,m,5,135, ,0.72,14,3,4,5,2,7,6,0,495,1,1,21.67,0,0,0,0,May,Hcap,G Harris,Ray Dawson,44.4,28.79,0,6,20,90,70,50,33.33,80,100,72,90.32,585.65
260505,2030,Wolverhampton,Vault Of Heaven,A/W,T,Y,8,10.33,12,10,6,S,g,4,126, ,1.34,28,8,8,7,6,8,4,0,461,2,2,58,0,0,0,0,May,Hcap,K Frost,Jack Mitchell,25.89,37.39,0,9,-10,60,60,33.33,50,33.33,100,125,33.33,494.99
260505,2030,Wolverhampton,Isla Bella,A/W,T,Y,8,9,13,13,6,S,f,4,126, ,1.07,24,6,3,8,7,2,7,0,403,1,2,0,0,0,0,0,May,Hcap,Joey Ramsden,Lewis Edmunds,28.31,23.61,0,3,30,50,33.33,50,50,33.33,80,107,100,503.66
260505,2100,Wolverhampton,Moostar,A/W,T,Y,6,5.66,3.25,3.5,5,U,f,4,132, ,1.1,13,4,2,4,4,5,1,1,540,3,0,61.67,0,0,0,0,May,Hcap-Fil,James Owen,Silvestre De Sousa,52.5,43.89,0,3,20,50,50,100,50,80,100,110,93.75,633.75
260505,2100,Wolverhampton,Magna,A/W,T,Y,6,5,3.25,4,5,U,f,4,133, ,1.09,8,1,5,1,1,2,4,3,592,4,1,6.33,0,0,0,0,May,Hcap-Fil,Tony Carroll,Rossa Ryan,35.09,41.83,0,1,10,33.33,70,100,100,100,80,109,95.31,687.64
260505,2100,Wolverhampton,Daytona Lady,A/W,T,Y,6,4.33,4.5,5.5,5,S,m,6,131, ,1.21,8,1,1,3,2,1,6,3,584,4,1,44.33,0,0,0,0,May,Hcap-Fil,Ruth Carr,James Sullivan,35.02,19.47,0,1,60,70,60,100,100,100,33.33,121,106.25,690.58
260505,2100,Wolverhampton,So Sassy,A/W,T,Y,6,6,8.5,5.5,5,D,f,4,135, ,1.06,12,3,2,2,3,4,2,0,586,4,0,1.67,0,0,0,0,May,Hcap-Fil,James Fanshawe,George Wood,53.24,44.42,0,5,20,70,60,100,50,100,100,106,98.43,684.43
260505,2100,Wolverhampton,Court Drive,A/W,T,Y,6,7,7,7.5,5,S,m,5,130, ,0.87,22,6,5,6,5,3,5,0,470,2,1,0,0,0,0,0,May,Hcap-Fil,Gay Kelleway,Saffie Osborne,7.03,47.23,0,6,10,50,50,100,50,33.33,100,87,96.87,567.2
260505,2100,Wolverhampton,Skellig Isle,A/W,T,Y,6,6,17,9.5,5,D,f,4,132, ,1.26,17,5,2,5,6,6,3,0,478,2,2,8,0,0,0,0,May,Hcap-Fil,Philip McBride,Cieren Fallon,51.2,39.14,0,5,20,50,50,33.33,40,100,80,125,79.68,558.01
